Date,Ticker,State,State_Probability,Volatility_Level
2020-01-03,QQQ,2,1.0,High
2020-01-06,QQQ,2,1.0,High
2020-01-07,QQQ,2,1.0,High
2020-01-08,QQQ,2,1.0,High
2020-01-09,QQQ,2,1.0,High
2020-01-10,QQQ,2,1.0,High
2020-01-13,QQQ,2,1.0,High
2020-01-14,QQQ,2,1.0,High
2020-01-15,QQQ,2,1.0,High
2020-01-16,QQQ,2,1.0,High
2020-01-17,QQQ,2,0.9999999999995453,High
2020-01-21,QQQ,2,0.9999999999995453,High
2020-01-22,QQQ,2,0.9999999999995453,High
2020-01-23,QQQ,2,0.9999999999995453,High
2020-01-24,QQQ,2,1.0,High
2020-01-27,QQQ,2,1.0,High
2020-01-28,QQQ,2,1.0,High
2020-01-29,QQQ,2,1.0,High
2020-01-30,QQQ,2,1.0,High
2020-01-31,QQQ,2,1.0,High
2020-02-03,QQQ,2,1.0,High
2020-02-04,QQQ,2,1.0,High
2020-02-05,QQQ,2,0.9999999999990905,High
2020-02-06,QQQ,2,0.9999999999986358,High
2020-02-07,QQQ,2,0.9999999999986358,High
2020-02-10,QQQ,2,0.9999999999986358,High
2020-02-11,QQQ,2,0.9999999999972715,High
2020-02-12,QQQ,2,0.9999999999968168,High
2020-02-13,QQQ,2,0.9999999999954525,High
2020-02-14,QQQ,2,0.9999999999949978,High
2020-02-18,QQQ,2,0.999999999994543,High
2020-02-19,QQQ,2,0.9999999999936335,High
2020-02-20,QQQ,2,0.9999999999959073,High
2020-02-21,QQQ,2,0.9999999999995453,High
2020-02-24,QQQ,2,1.0,High
2020-02-25,QQQ,2,1.0,High
2020-02-26,QQQ,2,1.0,High
2020-02-27,QQQ,2,1.0,High
2020-02-28,QQQ,2,1.0,High
2020-03-02,QQQ,2,1.0,High
2020-03-03,QQQ,2,1.0,High
2020-03-04,QQQ,2,1.0,High
2020-03-05,QQQ,2,1.0,High
2020-03-06,QQQ,2,1.0,High
2020-03-09,QQQ,2,1.0,High
2020-03-10,QQQ,2,1.0,High
2020-03-11,QQQ,2,1.0,High
2020-03-12,QQQ,2,1.0,High
2020-03-13,QQQ,2,1.0,High
2020-03-16,QQQ,2,1.0,High
2020-03-17,QQQ,2,1.0,High
2020-03-18,QQQ,2,1.0,High
2020-03-19,QQQ,2,1.0,High
2020-03-20,QQQ,2,1.0,High
2020-03-23,QQQ,2,1.0,High
2020-03-24,QQQ,2,1.0,High
2020-03-25,QQQ,2,1.0,High
2020-03-26,QQQ,2,1.0,High
2020-03-27,QQQ,2,1.0,High
2020-03-30,QQQ,2,1.0,High
2020-03-31,QQQ,2,1.0,High
2020-04-01,QQQ,2,1.0,High
2020-04-02,QQQ,2,1.0,High
2020-04-03,QQQ,2,1.0,High
2020-04-06,QQQ,2,1.0,High
2020-04-07,QQQ,2,1.0,High
2020-04-08,QQQ,2,1.0,High
2020-04-09,QQQ,2,1.0,High
2020-04-13,QQQ,2,1.0,High
2020-04-14,QQQ,2,1.0,High
2020-04-15,QQQ,2,1.0,High
2020-04-16,QQQ,2,1.0,High
2020-04-17,QQQ,2,1.0,High
2020-04-20,QQQ,2,1.0,High
2020-04-21,QQQ,2,1.0,High
2020-04-22,QQQ,2,1.0,High
2020-04-23,QQQ,2,1.0,High
2020-04-24,QQQ,2,1.0,High
2020-04-27,QQQ,2,1.0,High
2020-04-28,QQQ,2,1.0,High
2020-04-29,QQQ,2,1.0,High
2020-04-30,QQQ,2,1.0,High
2020-05-01,QQQ,2,1.0,High
2020-05-04,QQQ,2,1.0,High
2020-05-05,QQQ,2,1.0,High
2020-05-06,QQQ,2,1.0,High
2020-05-07,QQQ,2,1.0,High
2020-05-08,QQQ,2,1.0,High
2020-05-11,QQQ,2,0.9999999999995453,High
2020-05-12,QQQ,2,1.0,High
2020-05-13,QQQ,2,1.0,High
2020-05-14,QQQ,2,1.0,High
2020-05-15,QQQ,2,1.0,High
2020-05-18,QQQ,2,1.0,High
2020-05-19,QQQ,2,0.9999999999990905,High
2020-05-20,QQQ,2,0.9999999999995453,High
2020-05-21,QQQ,2,0.9999999999990905,High
2020-05-22,QQQ,2,0.9999999999986358,High
2020-05-26,QQQ,2,0.9999999999986358,High
2020-05-27,QQQ,2,0.9999999999995453,High
2020-05-28,QQQ,2,0.9999999999986358,High
2020-05-29,QQQ,2,0.9999999999995453,High
2020-06-01,QQQ,2,0.9999999999949978,High
2020-06-02,QQQ,2,0.999999999994543,High
2020-06-03,QQQ,2,0.9999999999922693,High
2020-06-04,QQQ,2,0.9999999999940883,High
2020-06-05,QQQ,2,0.9999999999986358,High
2020-06-08,QQQ,2,0.9999999999768079,High
2020-06-09,QQQ,2,0.9999999999649845,High
2020-06-10,QQQ,2,0.9999999999913598,High
2020-06-11,QQQ,2,1.0,High
2020-06-12,QQQ,2,1.0,High
2020-06-15,QQQ,2,0.9999999999959073,High
2020-06-16,QQQ,2,0.9999999999959073,High
2020-06-17,QQQ,2,0.9999999999508873,High
2020-06-18,QQQ,2,0.9999999999376996,High
2020-06-19,QQQ,2,0.9999999999636202,High
2020-06-22,QQQ,2,0.9999999999295142,High
2020-06-23,QQQ,2,0.9999999998594831,High
2020-06-24,QQQ,2,0.9999999999813554,High
2020-06-25,QQQ,2,0.9999999999422471,High
2020-06-26,QQQ,2,0.9999999999954525,High
2020-06-29,QQQ,2,0.9999999999749889,High
2020-06-30,QQQ,2,0.9999999999809006,High
2020-07-01,QQQ,2,0.9999999998553903,High
2020-07-02,QQQ,2,0.9999999996462066,High
2020-07-06,QQQ,2,0.9999999998831299,High
2020-07-07,QQQ,2,0.9999999988663149,High
2020-07-08,QQQ,2,0.999999998801286,High
2020-07-09,QQQ,2,0.9999999977394509,High
2020-07-10,QQQ,2,0.9999999952910912,High
2020-07-13,QQQ,2,0.9999999997326086,High
2020-07-14,QQQ,2,0.9999999998999556,High
2020-07-15,QQQ,2,0.9999999987880983,High
2020-07-16,QQQ,2,0.9999999984775059,High
2020-07-17,QQQ,2,0.9999999978017513,High
2020-07-20,QQQ,2,0.9999999997835403,High
2020-07-21,QQQ,2,0.9999999956307875,High
2020-07-22,QQQ,2,0.999999993005531,High
2020-07-23,QQQ,2,0.9999999997967279,High
2020-07-24,QQQ,2,0.9999999995166036,High
2020-07-27,QQQ,2,0.9999999994652171,High
2020-07-28,QQQ,2,0.999999999191914,High
2020-07-29,QQQ,2,0.9999999985843715,High
2020-07-30,QQQ,2,0.9999999978258529,High
2020-07-31,QQQ,2,0.9999999994706741,High
2020-08-03,QQQ,2,0.9999999917758942,High
2020-08-04,QQQ,2,0.9999999792630663,High
2020-08-05,QQQ,2,0.9999999772498998,High
2020-08-06,QQQ,2,0.9999999736041904,High
2020-08-07,QQQ,2,0.9999999818164725,High
2020-08-10,QQQ,2,0.9999999781898625,High
2020-08-11,QQQ,2,0.9999999972833393,High
2020-08-12,QQQ,2,0.9999999984866008,High
2020-08-13,QQQ,2,0.9999999664632929,High
2020-08-14,QQQ,2,0.9999999673027565,High
2020-08-17,QQQ,2,0.9999999641977417,High
2020-08-18,QQQ,2,0.9999999311194211,High
2020-08-19,QQQ,2,0.9999999382794177,High
2020-08-20,QQQ,2,0.9999999307115128,High
2020-08-21,QQQ,2,0.9999998390099011,High
2020-08-24,QQQ,2,0.9999997751288245,High
2020-08-25,QQQ,2,0.9999996858014623,High
2020-08-26,QQQ,2,0.9999998743132971,High
2020-08-27,QQQ,2,0.999999250507525,High
2020-08-28,QQQ,2,0.9999987567106017,High
2020-08-31,QQQ,2,0.9999985202914138,High
2020-09-01,QQQ,2,0.999998653920553,High
2020-09-02,QQQ,2,0.9999975771354249,High
2020-09-03,QQQ,2,0.9999999999968168,High
2020-09-04,QQQ,2,0.9999999999959073,High
2020-09-08,QQQ,2,0.9999999999990905,High
2020-09-09,QQQ,2,0.9999999998867679,High
2020-09-10,QQQ,2,0.999999996614406,High
2020-09-11,QQQ,2,0.9999999971951183,High
2020-09-14,QQQ,2,0.9999999875658433,High
2020-09-15,QQQ,2,0.9999999641627262,High
2020-09-16,QQQ,2,0.9999999755455068,High
2020-09-17,QQQ,2,0.9999999991518962,High
2020-09-18,QQQ,2,0.9999999997717168,High
2020-09-21,QQQ,2,0.9999999959959496,High
2020-09-22,QQQ,2,0.9999999948099685,High
2020-09-23,QQQ,2,0.9999999996548468,High
2020-09-24,QQQ,2,0.9999999994915925,High
2020-09-25,QQQ,2,0.9999999994893187,High
2020-09-28,QQQ,2,0.999999998025487,High
2020-09-29,QQQ,2,0.999999939333522,High
2020-09-30,QQQ,2,0.9999999593460424,High
2020-10-01,QQQ,2,0.9999999699734876,High
2020-10-02,QQQ,2,0.9999999987448973,High
2020-10-05,QQQ,2,0.9999999737233342,High
2020-10-06,QQQ,2,0.9999999798010324,High
2020-10-07,QQQ,2,0.9999999538263193,High
2020-10-08,QQQ,2,0.9999998337220998,High
2020-10-09,QQQ,2,0.999999833050438,High
2020-10-12,QQQ,2,0.9999999998408384,High
2020-10-13,QQQ,2,0.9999995530398427,High
2020-10-14,QQQ,2,0.9999989781500281,High
2020-10-15,QQQ,2,0.999999242062873,High
2020-10-16,QQQ,2,0.9999993889338887,High
2020-10-19,QQQ,2,0.9999998745975142,High
2020-10-20,QQQ,2,0.9999996771512608,High
2020-10-21,QQQ,2,0.9999996858655815,High
2020-10-22,QQQ,2,0.9999996811903256,High
2020-10-23,QQQ,2,0.9999996774231997,High
2020-10-26,QQQ,2,0.9999999193855761,High
2020-10-27,QQQ,2,0.9999998134294575,High
2020-10-28,QQQ,2,0.9999999997799023,High
2020-10-29,QQQ,2,0.9999999879892131,High
2020-10-30,QQQ,2,0.9999999986298462,High
2020-11-02,QQQ,2,0.9999999823639883,High
2020-11-03,QQQ,2,0.9999999914703039,High
2020-11-04,QQQ,2,0.9999999999995453,High
2020-11-05,QQQ,2,0.9999999680017032,High
2020-11-06,QQQ,2,0.9999982813466194,High
2020-11-09,QQQ,2,0.9999999873925846,High
2020-11-10,QQQ,2,0.999999965061307,High
2020-11-11,QQQ,2,0.9999999014421568,High
2020-11-12,QQQ,2,0.9999993646103775,High
2020-11-13,QQQ,2,0.9999992211972617,High
2020-11-16,QQQ,2,0.9999987759559406,High
2020-11-17,QQQ,2,0.9999989942485228,High
2020-11-18,QQQ,2,0.9999993068079349,High
2020-11-19,QQQ,2,0.9999989873618358,High
2020-11-20,QQQ,2,0.9999992964483427,High
2020-11-23,QQQ,2,0.9999990902092168,High
2020-11-24,QQQ,2,0.9999990458509278,High
2020-11-25,QQQ,2,0.9999978716427816,High
2020-11-27,QQQ,2,0.9999974364715061,High
2020-11-30,QQQ,2,0.9999955931222545,High
2020-12-01,QQQ,2,0.9999950278612152,High
2020-12-02,QQQ,2,0.9999918395816255,High
2020-12-03,QQQ,2,0.9999911677813412,High
2020-12-04,QQQ,2,0.9999902494903535,High
2020-12-07,QQQ,2,0.9999870606211926,High
2020-12-08,QQQ,2,0.999986995429458,High
2020-12-09,QQQ,2,0.9999987896015277,High
2020-12-10,QQQ,2,0.9999933381954161,High
2020-12-11,QQQ,2,0.9999937371968035,High
2020-12-14,QQQ,2,0.9999916350243149,High
2020-12-15,QQQ,2,0.9999880014689971,High
2020-12-16,QQQ,2,0.999979033555675,High
2020-12-17,QQQ,2,0.9999720892081082,High
2020-12-18,QQQ,2,0.9999707510399514,High
2020-12-21,QQQ,2,0.9999714056666641,High
2020-12-22,QQQ,2,0.9999724460002607,High
2020-12-23,QQQ,2,0.9999838566493711,High
2020-12-24,QQQ,2,0.9999789397796469,High
2020-12-28,QQQ,2,0.9999640906252515,High
2020-12-29,QQQ,2,0.9999496220187163,High
2020-12-30,QQQ,2,0.9999573751841726,High
2020-12-31,QQQ,2,0.9999551077966876,High
2021-01-04,QQQ,2,0.9999822080576715,High
2021-01-05,QQQ,2,0.9999717713086158,High
2021-01-06,QQQ,2,0.9999906211240692,High
2021-01-07,QQQ,2,0.9999907120795117,High
2021-01-08,QQQ,2,0.9999438719860247,High
2021-01-11,QQQ,2,0.9999603753073674,High
2021-01-12,QQQ,2,0.9999276258570435,High
2021-01-13,QQQ,2,0.9999137738474397,High
2021-01-14,QQQ,2,0.999927621733693,High
2021-01-15,QQQ,2,0.9999091765036241,High
2021-01-19,QQQ,2,0.999777118877069,High
2021-01-20,QQQ,2,0.999319055645558,High
2021-01-21,QQQ,2,0.9972062587037829,High
2021-01-22,QQQ,2,0.9960926164208325,High
2021-01-25,QQQ,2,0.9954081136661752,High
2021-01-26,QQQ,2,0.9956726986399896,High
2021-01-27,QQQ,2,0.997396226602337,High
2021-01-28,QQQ,2,0.9953059518942454,High
2021-01-29,QQQ,2,0.9928044400062955,High
2021-02-01,QQQ,2,0.9616729393917514,High
2021-02-02,QQQ,2,0.6899118327524474,High
2021-02-03,QQQ,1,0.6110370700192691,Low
2021-02-04,QQQ,1,0.8223402451148589,Low
2021-02-05,QQQ,1,0.9357307409010659,Low
2021-02-08,QQQ,1,0.9764319638952098,Low
2021-02-09,QQQ,1,0.9892900497696165,Low
2021-02-10,QQQ,1,0.994210754179158,Low
2021-02-11,QQQ,1,0.9954405403041443,Low
2021-02-12,QQQ,1,0.9949531256351741,Low
2021-02-16,QQQ,1,0.9912661025775228,Low
2021-02-17,QQQ,1,0.9748308672559625,Low
2021-02-18,QQQ,1,0.9128810803093631,Low
2021-02-19,QQQ,1,0.7047707457388186,Low
2021-02-22,QQQ,2,0.9274540715138938,High
2021-02-23,QQQ,2,0.9995535682270966,High
2021-02-24,QQQ,2,0.9998377216565854,High
2021-02-25,QQQ,2,0.9999999871529327,High
2021-02-26,QQQ,2,0.9999999855581337,High
2021-03-01,QQQ,2,0.9999979534093679,High
2021-03-02,QQQ,2,0.9999729138165475,High
2021-03-03,QQQ,2,0.9999997880322777,High
2021-03-04,QQQ,2,0.9999999999959073,High
2021-03-05,QQQ,2,0.999999999990905,High
2021-03-08,QQQ,2,0.9999999649971876,High
2021-03-09,QQQ,2,0.9999999998585736,High
2021-03-10,QQQ,2,0.999997953299774,High
2021-03-11,QQQ,2,0.9999970144289367,High
2021-03-12,QQQ,2,0.9999847194670713,High
2021-03-15,QQQ,2,0.9999415591084243,High
2021-03-16,QQQ,2,0.9999434661596088,High
2021-03-17,QQQ,2,0.9999926829636329,High
2021-03-18,QQQ,2,0.9999996947176908,High
2021-03-19,QQQ,2,0.9999984949574766,High
2021-03-22,QQQ,2,0.9999925236740901,High
2021-03-23,QQQ,2,0.9999565533214597,High
2021-03-24,QQQ,2,0.9999913520033399,High
2021-03-25,QQQ,2,0.9999976484132641,High
2021-03-26,QQQ,2,0.9999716987630024,High
2021-03-29,QQQ,2,0.9992505225979823,High
2021-03-30,QQQ,2,0.9970542849255107,High
2021-03-31,QQQ,2,0.9913530689569463,High
2021-04-01,QQQ,2,0.9418778292819763,High
2021-04-05,QQQ,2,0.6534804750636879,High
2021-04-06,QQQ,1,0.8108038048240553,Low
2021-04-07,QQQ,1,0.9498866265973913,Low
2021-04-08,QQQ,1,0.9881268791525368,Low
2021-04-09,QQQ,1,0.9979188345324059,Low
2021-04-12,QQQ,1,0.9995804936226464,Low
2021-04-13,QQQ,1,0.9999058276341926,Low
2021-04-14,QQQ,1,0.9999430093704516,Low
2021-04-15,QQQ,1,0.9999666618273575,Low
2021-04-16,QQQ,1,0.9999851319649037,Low
2021-04-19,QQQ,1,0.9999746608200347,Low
2021-04-20,QQQ,1,0.9999717313447285,Low
2021-04-21,QQQ,1,0.9999748209184358,Low
2021-04-22,QQQ,1,0.9999552657401899,Low
2021-04-23,QQQ,1,0.9999698810763409,Low
2021-04-26,QQQ,1,0.9999841884827607,Low
2021-04-27,QQQ,1,0.9999773495256279,Low
2021-04-28,QQQ,1,0.9999312000635207,Low
2021-04-29,QQQ,1,0.9996065153783175,Low
2021-04-30,QQQ,1,0.9967935724520545,Low
2021-05-03,QQQ,1,0.9801593335614367,Low
2021-05-04,QQQ,1,0.9036109358622422,Low
2021-05-05,QQQ,1,0.8611945360604492,Low
2021-05-06,QQQ,1,0.7608553409334226,Low
2021-05-07,QQQ,1,0.5385088879075494,Low
2021-05-10,QQQ,2,0.905431313756398,High
2021-05-11,QQQ,2,0.9793931266932052,High
2021-05-12,QQQ,2,0.9990138595284747,High
2021-05-13,QQQ,2,0.9981949295347676,High
2021-05-14,QQQ,2,0.9857293172561432,High
2021-05-17,QQQ,2,0.9281324287976359,High
2021-05-18,QQQ,2,0.8873421389588151,High
2021-05-19,QQQ,2,0.8481824493350134,High
2021-05-20,QQQ,2,0.7122466264179381,High
2021-05-21,QQQ,1,0.6198051798455816,Low
2021-05-24,QQQ,1,0.8286989576252941,Low
2021-05-25,QQQ,1,0.9587063549431564,Low
2021-05-26,QQQ,1,0.9897756810978287,Low
2021-05-27,QQQ,1,0.9971170015944166,Low
2021-05-28,QQQ,1,0.9992873354445982,Low
2021-06-01,QQQ,1,0.9997557532768296,Low
2021-06-02,QQQ,1,0.9998681838520678,Low
2021-06-03,QQQ,1,0.9998635595535986,Low
2021-06-04,QQQ,1,0.9998872964011559,Low
2021-06-07,QQQ,1,0.9999628049259549,Low
2021-06-08,QQQ,1,0.9999728036692695,Low
2021-06-09,QQQ,1,0.9999710657477949,Low
2021-06-10,QQQ,1,0.9999794991463725,Low
2021-06-11,QQQ,1,0.9999832131838242,Low
2021-06-14,QQQ,1,0.9999879316720304,Low
2021-06-15,QQQ,1,0.9999850955074417,Low
2021-06-16,QQQ,1,0.9999734953664373,Low
2021-06-17,QQQ,1,0.9999453317373723,Low
2021-06-18,QQQ,1,0.9999761239722842,Low
2021-06-21,QQQ,1,0.9999901001941723,Low
2021-06-22,QQQ,1,0.9999923455072449,Low
2021-06-23,QQQ,1,0.9999933724926882,Low
2021-06-24,QQQ,1,0.999994772671491,Low
2021-06-25,QQQ,1,0.999994310241434,Low
2021-06-28,QQQ,1,0.999994292243546,Low
2021-06-29,QQQ,1,0.9999966139023885,Low
2021-06-30,QQQ,1,0.9999965317339164,Low
2021-07-01,QQQ,1,0.9999964953074164,Low
2021-07-02,QQQ,1,0.9999966996656331,Low
2021-07-06,QQQ,1,0.9999978014767814,Low
2021-07-07,QQQ,1,0.9999979826422871,Low
2021-07-08,QQQ,1,0.9999968217517137,Low
2021-07-09,QQQ,1,0.9999978455421585,Low
2021-07-12,QQQ,1,0.9999978513610932,Low
2021-07-13,QQQ,1,0.9999981773174353,Low
2021-07-14,QQQ,1,0.9999982402247974,Low
2021-07-15,QQQ,1,0.9999967883533559,Low
2021-07-16,QQQ,1,0.99999620998951,Low
2021-07-19,QQQ,1,0.9999910199161001,Low
2021-07-20,QQQ,1,0.9999958665370222,Low
2021-07-21,QQQ,1,0.9999977513773772,Low
2021-07-22,QQQ,1,0.9999981636532119,Low
2021-07-23,QQQ,1,0.9999982129300004,Low
2021-07-26,QQQ,1,0.9999985117312623,Low
2021-07-27,QQQ,1,0.9999964507796224,Low
2021-07-28,QQQ,1,0.9999984094259988,Low
2021-07-29,QQQ,1,0.9999982631899532,Low
2021-07-30,QQQ,1,0.9999980855059357,Low
2021-08-02,QQQ,1,0.9999981052473901,Low
2021-08-03,QQQ,1,0.9999985265805603,Low
2021-08-04,QQQ,1,0.9999985216042674,Low
2021-08-05,QQQ,1,0.9999983226949067,Low
2021-08-06,QQQ,1,0.9999983982010331,Low
2021-08-09,QQQ,1,0.999998475949521,Low
2021-08-10,QQQ,1,0.9999982898717533,Low
2021-08-11,QQQ,1,0.9999984529748105,Low
2021-08-12,QQQ,1,0.9999984103700528,Low
2021-08-13,QQQ,1,0.9999980482967604,Low
2021-08-16,QQQ,1,0.9999987306508826,Low
2021-08-17,QQQ,1,0.9999978426540643,Low
2021-08-18,QQQ,1,0.9999970815658183,Low
2021-08-19,QQQ,1,0.9999978048196219,Low
2021-08-20,QQQ,1,0.999998179682572,Low
2021-08-23,QQQ,1,0.9999981952326294,Low
2021-08-24,QQQ,1,0.999998634008103,Low
2021-08-25,QQQ,1,0.9999984950238696,Low
2021-08-26,QQQ,1,0.9999983117027723,Low
2021-08-27,QQQ,1,0.9999988579872634,Low
2021-08-30,QQQ,1,0.9999989728767832,Low
2021-08-31,QQQ,1,0.9999991041021906,Low
2021-09-01,QQQ,1,0.99999914432183,Low
2021-09-02,QQQ,1,0.9999989851858719,Low
2021-09-03,QQQ,1,0.9999990838850512,Low
2021-09-07,QQQ,1,0.9999990398250764,Low
2021-09-08,QQQ,1,0.9999991044928183,Low
2021-09-09,QQQ,1,0.9999989588160096,Low
2021-09-10,QQQ,1,0.9999988246788775,Low
2021-09-13,QQQ,1,0.9999990059427939,Low
2021-09-14,QQQ,1,0.9999990313949781,Low
2021-09-15,QQQ,1,0.999999118887378,Low
2021-09-16,QQQ,1,0.999999170467507,Low
2021-09-17,QQQ,1,0.999996901689226,Low
2021-09-20,QQQ,1,0.9999783042519783,Low
2021-09-21,QQQ,1,0.9999982581982002,Low
2021-09-22,QQQ,1,0.9999981483050624,Low
2021-09-23,QQQ,1,0.9999985928253305,Low
2021-09-24,QQQ,1,0.9999988983637806,Low
2021-09-27,QQQ,1,0.9999866021113885,Low
2021-09-28,QQQ,1,0.9992615731951308,Low
2021-09-29,QQQ,1,0.9999662705963203,Low
2021-09-30,QQQ,1,0.9999929283067038,Low
2021-10-01,QQQ,1,0.9999925339658552,Low
2021-10-04,QQQ,1,0.9999382623905134,Low
2021-10-05,QQQ,1,0.9999898949951208,Low
2021-10-06,QQQ,1,0.9999947881146304,Low
2021-10-07,QQQ,1,0.99999773136672,Low
2021-10-08,QQQ,1,0.9999977597110584,Low
2021-10-11,QQQ,1,0.999996668057159,Low
2021-10-12,QQQ,1,0.9999971727946961,Low
2021-10-13,QQQ,1,0.9999973764477399,Low
2021-10-14,QQQ,1,0.9999949840128757,Low
2021-10-15,QQQ,1,0.999998614049724,Low
2021-10-18,QQQ,1,0.9999987523232047,Low
2021-10-19,QQQ,1,0.9999989767967014,Low
2021-10-20,QQQ,1,0.9999989708240558,Low
2021-10-21,QQQ,1,0.9999989872958975,Low
2021-10-22,QQQ,1,0.9999985509331549,Low
2021-10-25,QQQ,1,0.9999990039155322,Low
2021-10-26,QQQ,1,0.9999991353592222,Low
2021-10-27,QQQ,1,0.9999992070014248,Low
2021-10-28,QQQ,1,0.9999991474600388,Low
2021-10-29,QQQ,1,0.9999993846128821,Low
2021-11-01,QQQ,1,0.9999993680182521,Low
2021-11-02,QQQ,1,0.9999992813866665,Low
2021-11-03,QQQ,1,0.9999993519170229,Low
2021-11-04,QQQ,1,0.9999992630576331,Low
2021-11-05,QQQ,1,0.9999995047802575,Low
2021-11-08,QQQ,1,0.999999356105698,Low
2021-11-09,QQQ,1,0.999999281193399,Low
2021-11-10,QQQ,1,0.9999984236286455,Low
2021-11-11,QQQ,1,0.999999418316007,Low
2021-11-12,QQQ,1,0.9999993737266919,Low
2021-11-15,QQQ,1,0.9999994426486144,Low
2021-11-16,QQQ,1,0.999999410559386,Low
2021-11-17,QQQ,1,0.9999993899602528,Low
2021-11-18,QQQ,1,0.9999993188359941,Low
2021-11-19,QQQ,1,0.9999994724491016,Low
2021-11-22,QQQ,1,0.999998694717248,Low
2021-11-23,QQQ,1,0.9999983087364603,Low
2021-11-24,QQQ,1,0.9999994526548696,Low
2021-11-26,QQQ,1,0.9999973763968084,Low
2021-11-29,QQQ,1,0.9999951520471048,Low
2021-11-30,QQQ,1,0.9999922018332033,Low
2021-12-01,QQQ,1,0.9999874309404293,Low
2021-12-02,QQQ,1,0.9999235499369873,Low
2021-12-03,QQQ,1,0.9996885413551867,Low
2021-12-06,QQQ,1,0.9999827947160534,Low
2021-12-07,QQQ,1,0.9999660985075522,Low
2021-12-08,QQQ,1,0.9999993363201085,Low
2021-12-09,QQQ,1,0.9999985968202804,Low
2021-12-10,QQQ,1,0.9999989979642596,Low
2021-12-13,QQQ,1,0.9999985358705803,Low
2021-12-14,QQQ,1,0.9999942313150265,Low
2021-12-15,QQQ,1,0.9999380818160486,Low
2021-12-16,QQQ,1,0.9999568596869473,Low
2021-12-17,QQQ,1,0.9999909769192156,Low
2021-12-20,QQQ,1,0.9999976733379081,Low
2021-12-21,QQQ,1,0.9999956984094501,Low
2021-12-22,QQQ,1,0.999999265892526,Low
2021-12-23,QQQ,1,0.9999994269189124,Low
2021-12-27,QQQ,1,0.9999990990040226,Low
2021-12-28,QQQ,1,0.9999993222888883,Low
2021-12-29,QQQ,1,0.9999994470810344,Low
2021-12-30,QQQ,1,0.9999990915120668,Low
2021-12-31,QQQ,1,0.9999992709365799,Low
2022-01-03,QQQ,1,0.9999994140650312,Low
2022-01-04,QQQ,1,0.9999981433187669,Low
2022-01-05,QQQ,1,0.9999576076920661,Low
2022-01-06,QQQ,1,0.9999960714931008,Low
2022-01-07,QQQ,1,0.9999941867518632,Low
2022-01-10,QQQ,1,0.999950348701833,Low
2022-01-11,QQQ,1,0.9999876105315594,Low
2022-01-12,QQQ,1,0.9999922167215155,Low
2022-01-13,QQQ,1,0.9993461588325359,Low
2022-01-14,QQQ,1,0.9967873526849594,Low
2022-01-18,QQQ,1,0.9792593343726338,Low
2022-01-19,QQQ,1,0.9148409103358277,Low
2022-01-20,QQQ,1,0.569993285450518,Low
2022-01-21,QQQ,2,0.9999954107784819,High
2022-01-24,QQQ,2,1.0,High
2022-01-25,QQQ,2,0.9999999488009066,High
2022-01-26,QQQ,2,0.9999999999681677,High
2022-01-27,QQQ,2,0.999989790180559,High
2022-01-28,QQQ,2,0.9999999988544914,High
2022-01-31,QQQ,2,0.9999947036580319,High
2022-02-01,QQQ,2,0.9925171925649534,High
2022-02-02,QQQ,2,0.9918628121004629,High
2022-02-03,QQQ,2,0.9938344866790576,High
2022-02-04,QQQ,2,0.9751184662959842,High
2022-02-07,QQQ,2,0.9080047747553074,High
2022-02-08,QQQ,2,0.9062828407203366,High
2022-02-09,QQQ,2,0.9194107505825686,High
2022-02-10,QQQ,2,0.9965068915144301,High
2022-02-11,QQQ,2,0.997987643495128,High
2022-02-14,QQQ,2,0.9921723335169033,High
2022-02-15,QQQ,2,0.9870361288481481,High
2022-02-16,QQQ,2,0.9834485443902907,High
2022-02-17,QQQ,2,0.9907010345874444,High
2022-02-18,QQQ,2,0.9948847881296735,High
2022-02-22,QQQ,2,0.9987237450982289,High
2022-02-23,QQQ,2,0.9999393759490757,High
2022-02-24,QQQ,2,0.9999999999995453,High
2022-02-25,QQQ,2,0.9998113628457378,High
2022-02-28,QQQ,2,0.9988684636512228,High
2022-03-01,QQQ,2,0.9983411539494811,High
2022-03-02,QQQ,2,0.9986422791438199,High
2022-03-03,QQQ,2,0.9986458594515764,High
2022-03-04,QQQ,2,0.9993711067693851,High
2022-03-07,QQQ,2,0.9999977407003882,High
2022-03-08,QQQ,2,0.9999999844176274,High
2022-03-09,QQQ,2,0.9999995195909167,High
2022-03-10,QQQ,2,0.999903169388231,High
2022-03-11,QQQ,2,0.9999585756758216,High
2022-03-14,QQQ,2,0.9999944051262072,High
2022-03-15,QQQ,2,0.9999999312476598,High
2022-03-16,QQQ,2,0.9999999785236471,High
2022-03-17,QQQ,2,0.9712198068348713,High
2022-03-18,QQQ,2,0.9466979642597316,High
2022-03-21,QQQ,1,0.7054348103904508,Low
2022-03-22,QQQ,1,0.8779916637482735,Low
2022-03-23,QQQ,1,0.9740369810302107,Low
2022-03-24,QQQ,1,0.9940606326854646,Low
2022-03-25,QQQ,1,0.9997653541905056,Low
2022-03-28,QQQ,1,0.9999678743833015,Low
2022-03-29,QQQ,1,0.9999714896179039,Low
2022-03-30,QQQ,1,0.9999931219417775,Low
2022-03-31,QQQ,1,0.9999931170005267,Low
2022-04-01,QQQ,1,0.9999966716100883,Low
2022-04-04,QQQ,1,0.9999735544406468,Low
2022-04-05,QQQ,1,0.9996818955785999,Low
2022-04-06,QQQ,1,0.9979043556240607,Low
2022-04-07,QQQ,1,0.9974039777823746,Low
2022-04-08,QQQ,1,0.9896155865398791,Low
2022-04-11,QQQ,1,0.9364407613817021,Low
2022-04-12,QQQ,1,0.8856454652472932,Low
2022-04-13,QQQ,1,0.8041488670323982,Low
2022-04-14,QQQ,1,0.741813976653246,Low
2022-04-18,QQQ,1,0.7085684150310972,Low
2022-04-19,QQQ,1,0.5653985276777331,Low
2022-04-20,QQQ,1,0.5547109578735775,Low
2022-04-21,QQQ,2,0.8754936418166098,High
2022-04-22,QQQ,2,0.9950817986862707,High
2022-04-25,QQQ,2,0.9999964144249751,High
2022-04-26,QQQ,2,0.9999999856659089,High
2022-04-27,QQQ,2,0.9999999863898666,High
2022-04-28,QQQ,2,0.9999999998781277,High
2022-04-29,QQQ,2,0.9999999906249286,High
2022-05-02,QQQ,2,0.9999999997880877,High
2022-05-03,QQQ,2,0.9999947445177753,High
2022-05-04,QQQ,2,0.9999999999968168,High
2022-05-05,QQQ,2,1.0,High
2022-05-06,QQQ,2,0.9999999999918145,High
2022-05-09,QQQ,2,0.9999999998321982,High
2022-05-10,QQQ,2,0.9999999999968168,High
2022-05-11,QQQ,2,0.9999999999995453,High
2022-05-12,QQQ,2,0.9999999999786269,High
2022-05-13,QQQ,2,0.9999999999540705,High
2022-05-16,QQQ,2,0.9999980813668332,High
2022-05-17,QQQ,2,0.9999998939265481,High
2022-05-18,QQQ,2,0.9999999997025952,High
2022-05-19,QQQ,2,0.9999999382866936,High
2022-05-20,QQQ,2,0.9999999923443283,High
2022-05-23,QQQ,2,0.999999918723464,High
2022-05-24,QQQ,2,0.9999999454585137,High
2022-05-25,QQQ,2,0.9999999433171085,High
2022-05-26,QQQ,2,0.9999999678288992,High
2022-05-27,QQQ,2,0.9999999847505024,High
2022-05-31,QQQ,2,0.9999911570534913,High
2022-06-01,QQQ,2,0.9999950995340461,High
2022-06-02,QQQ,2,0.999999586748885,High
2022-06-03,QQQ,2,0.999998484376886,High
2022-06-06,QQQ,2,0.9999872469110539,High
2022-06-07,QQQ,2,0.9999797045897589,High
2022-06-08,QQQ,2,0.999979717149626,High
2022-06-09,QQQ,2,0.9999993939624818,High
2022-06-10,QQQ,2,0.9999999966166797,High
2022-06-13,QQQ,2,0.9999999999890861,High
2022-06-14,QQQ,2,0.9999999818551261,High
2022-06-15,QQQ,2,0.999999999958618,High
2022-06-16,QQQ,2,0.9999999999290594,High
2022-06-17,QQQ,2,0.9999999996889528,High
2022-06-21,QQQ,2,0.9999999943297553,High
2022-06-22,QQQ,2,0.9999999527849479,High
2022-06-23,QQQ,2,0.9999999502438198,High
2022-06-24,QQQ,2,0.9999999972033038,High
2022-06-27,QQQ,2,0.9999988103920968,High
2022-06-28,QQQ,2,0.9999999815968297,High
2022-06-29,QQQ,2,0.9999998146418138,High
2022-06-30,QQQ,2,0.9999999852702787,High
2022-07-01,QQQ,2,0.9999999065994459,High
2022-07-05,QQQ,2,0.9999999686397136,High
2022-07-06,QQQ,2,0.9999998224643762,High
2022-07-07,QQQ,2,0.9999998970952273,High
2022-07-08,QQQ,2,0.9999988683373013,High
2022-07-11,QQQ,2,0.9999997626737522,High
2022-07-12,QQQ,2,0.9999996456891213,High
2022-07-13,QQQ,2,0.9999999393680828,High
2022-07-14,QQQ,2,0.9999998507683014,High
2022-07-15,QQQ,2,0.9999999499768831,High
2022-07-18,QQQ,2,0.9999994914225155,High
2022-07-19,QQQ,2,0.9999999777460291,High
2022-07-20,QQQ,2,0.9999996787838034,High
2022-07-21,QQQ,2,0.9999968268403204,High
2022-07-22,QQQ,2,0.9999970842188067,High
2022-07-25,QQQ,2,0.9999931697990606,High
2022-07-26,QQQ,2,0.9999991590701837,High
2022-07-27,QQQ,2,0.9999999997171471,High
2022-07-28,QQQ,2,0.9999914205449988,High
2022-07-29,QQQ,2,0.9999907445022425,High
2022-08-01,QQQ,2,0.9999028308116511,High
2022-08-02,QQQ,2,0.9998851697174648,High
2022-08-03,QQQ,2,0.9998897089979248,High
2022-08-04,QQQ,2,0.9977571832308886,High
2022-08-05,QQQ,2,0.9968940275551785,High
2022-08-08,QQQ,2,0.996053999042182,High
2022-08-09,QQQ,2,0.9956498562575328,High
2022-08-10,QQQ,2,0.9945032389560925,High
2022-08-11,QQQ,2,0.963126118951932,High
2022-08-12,QQQ,2,0.944271690052209,High
2022-08-15,QQQ,2,0.9223507767863083,High
2022-08-16,QQQ,2,0.9185418884978704,High
2022-08-17,QQQ,2,0.9240565599204225,High
2022-08-18,QQQ,2,0.9364419481226859,High
2022-08-19,QQQ,2,0.9793991075370393,High
2022-08-22,QQQ,2,0.9979362801415185,High
2022-08-23,QQQ,2,0.9988488813912059,High
2022-08-24,QQQ,2,0.999390803235347,High
2022-08-25,QQQ,2,0.9997970723191535,High
2022-08-26,QQQ,2,0.9999997987347544,High
2022-08-29,QQQ,2,0.9999906002281699,High
2022-08-30,QQQ,2,0.999994709714325,High
2022-08-31,QQQ,2,0.9999951880979363,High
2022-09-01,QQQ,2,0.9999971994182596,High
2022-09-02,QQQ,2,0.9999991947255298,High
2022-09-06,QQQ,2,0.9999988563083381,High
2022-09-07,QQQ,2,0.9999994773062555,High
2022-09-08,QQQ,2,0.9999971558785974,High
2022-09-09,QQQ,2,0.9999991662651903,High
2022-09-12,QQQ,2,0.9999867371604564,High
2022-09-13,QQQ,2,0.9999999999113243,High
2022-09-14,QQQ,2,0.9999988791166203,High
2022-09-15,QQQ,2,0.9999996757324496,High
2022-09-16,QQQ,2,0.9999999323476937,High
2022-09-19,QQQ,2,0.9999993645649028,High
2022-09-20,QQQ,2,0.999999217485162,High
2022-09-21,QQQ,2,0.9999999835440577,High
2022-09-22,QQQ,2,0.999999924986244,High
2022-09-23,QQQ,2,0.9999999905589902,High
2022-09-26,QQQ,2,0.9999999883812053,High
2022-09-27,QQQ,2,0.9999999892502275,High
2022-09-28,QQQ,2,0.9999999996311999,High
2022-09-29,QQQ,2,0.999999999220563,High
2022-09-30,QQQ,2,0.9999999988253876,High
2022-10-03,QQQ,2,0.9999999993074198,High
2022-10-04,QQQ,2,0.9999999997899067,High
2022-10-05,QQQ,2,0.9999998259973077,High
2022-10-06,QQQ,2,0.9999998584894556,High
2022-10-07,QQQ,2,0.9999999998135536,High
2022-10-10,QQQ,2,0.9999999935557753,High
2022-10-11,QQQ,2,0.9999999983306225,High
2022-10-12,QQQ,2,0.9999999949563971,High
2022-10-13,QQQ,2,1.0,High
2022-10-14,QQQ,2,0.9999999999035936,High
2022-10-17,QQQ,2,0.9999999999872671,High
2022-10-18,QQQ,2,0.9999999972988007,High
2022-10-19,QQQ,2,0.999999975809715,High
2022-10-20,QQQ,2,0.9999999888032108,High
2022-10-21,QQQ,2,0.9999999999186002,High
2022-10-24,QQQ,2,0.999999985467639,High
2022-10-25,QQQ,2,0.9999999859192031,High
2022-10-26,QQQ,2,0.9999999772171579,High
2022-10-27,QQQ,2,0.9999999826159184,High
2022-10-28,QQQ,2,0.9999999995879989,High
2022-10-31,QQQ,2,0.9999998914381708,High
2022-11-01,QQQ,2,0.9999999280271393,High
2022-11-02,QQQ,2,0.9999999998899511,High
2022-11-03,QQQ,2,0.99999999945112,High
2022-11-04,QQQ,2,0.999999999956799,High
2022-11-07,QQQ,2,0.9999999928186298,High
2022-11-08,QQQ,2,0.9999999957904038,High
2022-11-09,QQQ,2,0.9999999989568096,High
2022-11-10,QQQ,2,1.0,High
2022-11-11,QQQ,2,0.9999999829869922,High
2022-11-14,QQQ,2,0.999999645497218,High
2022-11-15,QQQ,2,0.9999999799442778,High
2022-11-16,QQQ,2,0.9999996429251679,High
2022-11-17,QQQ,2,0.9999996833753858,High
2022-11-18,QQQ,2,0.9999996679035218,High
2022-11-21,QQQ,2,0.99999972434811,High
2022-11-22,QQQ,2,0.9999997641330362,High
2022-11-23,QQQ,2,0.999999487634472,High
2022-11-25,QQQ,2,0.9999995768185713,High
2022-11-28,QQQ,2,0.9999997761515511,High
2022-11-29,QQQ,2,0.9999997466289053,High
2022-11-30,QQQ,2,0.9999999999972715,High
2022-12-01,QQQ,2,0.9999983030257528,High
2022-12-02,QQQ,2,0.9999985772347944,High
2022-12-05,QQQ,2,0.9999995723106627,High
2022-12-06,QQQ,2,0.9999999194478765,High
2022-12-07,QQQ,2,0.9999997622412876,High
2022-12-08,QQQ,2,0.9999997888744697,High
2022-12-09,QQQ,2,0.9999997166565155,High
2022-12-12,QQQ,2,0.999999648403962,High
2022-12-13,QQQ,2,0.9999999893011592,High
2022-12-14,QQQ,2,0.9999997750569745,High
2022-12-15,QQQ,2,0.9999999966003088,High
2022-12-16,QQQ,2,0.9999999833539733,High
2022-12-19,QQQ,2,0.9999999767992451,High
2022-12-20,QQQ,2,0.9999999760925679,High
2022-12-21,QQQ,2,0.9999999816427592,High
2022-12-22,QQQ,2,0.9999999974047569,High
2022-12-23,QQQ,2,0.9999999774054233,High
2022-12-27,QQQ,2,0.9999999931123966,High
2022-12-28,QQQ,2,0.9999999967785698,High
2022-12-29,QQQ,2,0.9999999992596713,High
2022-12-30,QQQ,2,0.9999999798219508,High
2023-01-03,QQQ,2,0.9999999877695701,High
2023-01-04,QQQ,2,0.9999999901574483,High
2023-01-05,QQQ,2,0.9999999962215043,High
2023-01-06,QQQ,2,0.9999999997653504,High
2023-01-09,QQQ,2,0.9999999737492548,High
2023-01-10,QQQ,2,0.9999999470646813,High
2023-01-11,QQQ,2,0.9999999683468564,High
2023-01-12,QQQ,2,0.9999999485025923,High
2023-01-13,QQQ,2,0.9999997981954242,High
2023-01-17,QQQ,2,0.9999996210454619,High
2023-01-18,QQQ,2,0.9999998885236954,High
2023-01-19,QQQ,2,0.9999999128426718,High
2023-01-20,QQQ,2,0.9999999979668246,High
2023-01-23,QQQ,2,0.9999999454103105,High
2023-01-24,QQQ,2,0.999998883247086,High
2023-01-25,QQQ,2,0.9999992131909861,High
2023-01-26,QQQ,2,0.9999997727132072,High
2023-01-27,QQQ,2,0.9999989805501821,High
2023-01-30,QQQ,2,0.9999995279150631,High
2023-01-31,QQQ,2,0.999999157588618,High
2023-02-01,QQQ,2,0.9999999080305357,High
2023-02-02,QQQ,2,0.9999999994502105,High
2023-02-03,QQQ,2,0.9999981899448368,High
2023-02-06,QQQ,2,0.9999881726093048,High
2023-02-07,QQQ,2,0.9999994842702529,High
2023-02-08,QQQ,2,0.9999951171267708,High
2023-02-09,QQQ,2,0.9999917848473183,High
2023-02-10,QQQ,2,0.9999934862001519,High
2023-02-13,QQQ,2,0.999994194075072,High
2023-02-14,QQQ,2,0.9999954224490645,High
2023-02-15,QQQ,2,0.9999773909612688,High
2023-02-16,QQQ,2,0.9999959787522946,High
2023-02-17,QQQ,2,0.9999950608202304,High
2023-02-21,QQQ,2,0.9999994323736038,High
2023-02-22,QQQ,2,0.9999978687060295,High
2023-02-23,QQQ,2,0.9999996497595633,High
2023-02-24,QQQ,2,0.9999997826653507,High
2023-02-27,QQQ,2,0.9999984009904489,High
2023-02-28,QQQ,2,0.9999976149052849,High
2023-03-01,QQQ,2,0.9999990391834286,High
2023-03-02,QQQ,2,0.9999990083370364,High
2023-03-03,QQQ,2,0.9999997789450634,High
2023-03-06,QQQ,2,0.999996170181988,High
2023-03-07,QQQ,2,0.9999987793647225,High
2023-03-08,QQQ,2,0.9999968441870579,High
2023-03-09,QQQ,2,0.9999996853867328,High
2023-03-10,QQQ,2,0.9999999949450284,High
2023-03-13,QQQ,2,0.9999999984729584,High
2023-03-14,QQQ,2,0.9999999859023775,High
2023-03-15,QQQ,2,0.9999998977186858,High
2023-03-16,QQQ,2,0.9999999997871782,High
2023-03-17,QQQ,2,0.9999997060322562,High
2023-03-20,QQQ,2,0.9999899613425458,High
2023-03-21,QQQ,2,0.9999893903012744,High
2023-03-22,QQQ,2,0.9999975232293513,High
2023-03-23,QQQ,2,0.9999988252154788,High
2023-03-24,QQQ,2,0.9999772604067194,High
2023-03-27,QQQ,2,0.9999667313327205,High
2023-03-28,QQQ,2,0.9999724013625821,High
2023-03-29,QQQ,2,0.9999907691065751,High
2023-03-30,QQQ,2,0.9999691264879617,High
2023-03-31,QQQ,2,0.9999377276225991,High
2023-04-03,QQQ,2,0.9995391662394365,High
2023-04-04,QQQ,2,0.9994530948700343,High
2023-04-05,QQQ,2,0.9996251797321088,High
2023-04-06,QQQ,2,0.999523167977765,High
2023-04-10,QQQ,2,0.9994791514621487,High
2023-04-11,QQQ,2,0.9996352570673273,High
2023-04-12,QQQ,2,0.9998754595068063,High
2023-04-13,QQQ,2,0.9999034980223794,High
2023-04-14,QQQ,2,0.9995040361234314,High
2023-04-17,QQQ,2,0.9990808469558737,High
2023-04-18,QQQ,2,0.9989677015835559,High
2023-04-19,QQQ,2,0.9991011436859712,High
2023-04-20,QQQ,2,0.9995899664039569,High
2023-04-21,QQQ,2,0.9997416716559814,High
2023-04-24,QQQ,2,0.9997855085512155,High
2023-04-25,QQQ,2,0.9999604906126359,High
2023-04-26,QQQ,2,0.9999510954947861,High
2023-04-27,QQQ,2,0.9998858893227868,High
2023-04-28,QQQ,2,0.9862759165556855,High
2023-05-01,QQQ,2,0.9624603709933993,High
2023-05-02,QQQ,2,0.9504298751987917,High
2023-05-03,QQQ,2,0.9338077146787566,High
2023-05-04,QQQ,2,0.8992683471685623,High
2023-05-05,QQQ,2,0.8502717192950225,High
2023-05-08,QQQ,1,0.5343114064847077,Low
2023-05-09,QQQ,1,0.599568378376649,Low
2023-05-10,QQQ,1,0.6895531277813537,Low
2023-05-11,QQQ,1,0.8782876289065129,Low
2023-05-12,QQQ,1,0.9490119924760962,Low
2023-05-15,QQQ,1,0.9807822107365907,Low
2023-05-16,QQQ,1,0.9907723923199144,Low
2023-05-17,QQQ,1,0.9935322499202524,Low
2023-05-18,QQQ,1,0.9946118514622218,Low
2023-05-19,QQQ,1,0.9982959061141432,Low
2023-05-22,QQQ,1,0.9991964500454704,Low
2023-05-23,QQQ,1,0.998756191192864,Low
2023-05-24,QQQ,1,0.9969304346709461,Low
2023-05-25,QQQ,1,0.9929563125798526,Low
2023-05-26,QQQ,1,0.9939902500218838,Low
2023-05-30,QQQ,1,0.9985062064699008,Low
2023-05-31,QQQ,1,0.9998278338855713,Low
2023-06-01,QQQ,1,0.9999811421362266,Low
2023-06-02,QQQ,1,0.9999945572397209,Low
2023-06-05,QQQ,1,0.9999972729029547,Low
2023-06-06,QQQ,1,0.9999971228945022,Low
2023-06-07,QQQ,1,0.9999762081481053,Low
2023-06-08,QQQ,1,0.9999928850628113,Low
2023-06-09,QQQ,1,0.9999959549540975,Low
2023-06-12,QQQ,1,0.9999947599472719,Low
2023-06-13,QQQ,1,0.9999963237923382,Low
2023-06-14,QQQ,1,0.999990927143021,Low
2023-06-15,QQQ,1,0.9999852505557996,Low
2023-06-16,QQQ,1,0.9999867227738054,Low
2023-06-20,QQQ,1,0.9999985411806573,Low
2023-06-21,QQQ,1,0.9999966204289004,Low
2023-06-22,QQQ,1,0.9999977100677668,Low
2023-06-23,QQQ,1,0.9999977068704455,Low
2023-06-26,QQQ,1,0.9999956461592057,Low
2023-06-27,QQQ,1,0.999994564857607,Low
2023-06-28,QQQ,1,0.9999985817486102,Low
2023-06-29,QQQ,1,0.9999985341166223,Low
2023-06-30,QQQ,1,0.9999941421646004,Low
2023-07-03,QQQ,1,0.9999984234763054,Low
2023-07-05,QQQ,1,0.9999990404408038,Low
2023-07-06,QQQ,1,0.9999985142264574,Low
2023-07-07,QQQ,1,0.9999987144950941,Low
2023-07-10,QQQ,1,0.9999987252357581,Low
2023-07-11,QQQ,1,0.9999989212498256,Low
2023-07-12,QQQ,1,0.9999954490584843,Low
2023-07-13,QQQ,1,0.9999978467899826,Low
2023-07-14,QQQ,1,0.9999990539386018,Low
2023-07-17,QQQ,1,0.999999261998982,Low
2023-07-18,QQQ,1,0.9999989082945423,Low
2023-07-19,QQQ,1,0.9999991805119581,Low
2023-07-20,QQQ,1,0.9999894760693565,Low
2023-07-21,QQQ,1,0.9999984813832887,Low
2023-07-24,QQQ,1,0.9999992790924678,Low
2023-07-25,QQQ,1,0.9999992882669889,Low
2023-07-26,QQQ,1,0.9999992034362084,Low
2023-07-27,QQQ,1,0.9999982863006285,Low
2023-07-28,QQQ,1,0.9999959134876741,Low
2023-07-31,QQQ,1,0.9999993865073583,Low
2023-08-01,QQQ,1,0.999999309569159,Low
2023-08-02,QQQ,1,0.9999897250491273,Low
2023-08-03,QQQ,1,0.9999990169895057,Low
2023-08-04,QQQ,1,0.9999982553824096,Low
2023-08-07,QQQ,1,0.9999991300668771,Low
2023-08-08,QQQ,1,0.999998765479484,Low
2023-08-09,QQQ,1,0.999998035021347,Low
2023-08-10,QQQ,1,0.9999943760552816,Low
2023-08-11,QQQ,1,0.9999984614803918,Low
2023-08-14,QQQ,1,0.9999986010639768,Low
2023-08-15,QQQ,1,0.9999981206337377,Low
2023-08-16,QQQ,1,0.9999973765059474,Low
2023-08-17,QQQ,1,0.999995069616365,Low
2023-08-18,QQQ,1,0.9999959678538636,Low
2023-08-21,QQQ,1,0.9999949589691555,Low
2023-08-22,QQQ,1,0.9999985193032492,Low
2023-08-23,QQQ,1,0.999995771986803,Low
2023-08-24,QQQ,1,0.9999854305435267,Low
2023-08-25,QQQ,1,0.9999894066133438,Low
2023-08-28,QQQ,1,0.9999984391937135,Low
2023-08-29,QQQ,1,0.9999875850823943,Low
2023-08-30,QQQ,1,0.9999991515418476,Low
2023-08-31,QQQ,1,0.9999993222520539,Low
2023-09-01,QQQ,1,0.9999992969708471,Low
2023-09-05,QQQ,1,0.9999992809232793,Low
2023-09-06,QQQ,1,0.9999988683554911,Low
2023-09-07,QQQ,1,0.9999987508016219,Low
2023-09-08,QQQ,1,0.999999165593529,Low
2023-09-11,QQQ,1,0.9999989678600156,Low
2023-09-12,QQQ,1,0.9999985028637022,Low
2023-09-13,QQQ,1,0.9999991155177032,Low
2023-09-14,QQQ,1,0.9999989440276413,Low
2023-09-15,QQQ,1,0.9999941652451673,Low
2023-09-18,QQQ,1,0.9999990782184497,Low
2023-09-19,QQQ,1,0.9999990141591609,Low
2023-09-20,QQQ,1,0.9999967940786068,Low
2023-09-21,QQQ,1,0.9999868903309869,Low
2023-09-22,QQQ,1,0.9999974505108852,Low
2023-09-25,QQQ,1,0.9999982695682286,Low
2023-09-26,QQQ,1,0.9999938696720714,Low
2023-09-27,QQQ,1,0.9999960692189181,Low
2023-09-28,QQQ,1,0.9999953412179203,Low
2023-09-29,QQQ,1,0.9999947968166304,Low
2023-10-02,QQQ,1,0.9999970350880474,Low
2023-10-03,QQQ,1,0.9999903690581895,Low
2023-10-04,QQQ,1,0.9999934669858375,Low
2023-10-05,QQQ,1,0.9999969268548666,Low
2023-10-06,QQQ,1,0.999943383211564,Low
2023-10-09,QQQ,1,0.9999980285603094,Low
2023-10-10,QQQ,1,0.9999987901977008,Low
2023-10-11,QQQ,1,0.9999990537753476,Low
2023-10-12,QQQ,1,0.9999988786677853,Low
2023-10-13,QQQ,1,0.9999975707235029,Low
2023-10-16,QQQ,1,0.9999984633334845,Low
2023-10-17,QQQ,1,0.9999987240843393,Low
2023-10-18,QQQ,1,0.9999968451815873,Low
2023-10-19,QQQ,1,0.9999909934554991,Low
2023-10-20,QQQ,1,0.9999838867085956,Low
2023-10-23,QQQ,1,0.9999942227685542,Low
2023-10-24,QQQ,1,0.999994349284456,Low
2023-10-25,QQQ,1,0.9999009913648956,Low
2023-10-26,QQQ,1,0.9998587627492637,Low
2023-10-27,QQQ,1,0.9999615898505884,Low
2023-10-30,QQQ,1,0.9999854764446019,Low
2023-10-31,QQQ,1,0.9999950800700456,Low
2023-11-01,QQQ,1,0.9999802633880348,Low
2023-11-02,QQQ,1,0.9999861428760278,Low
2023-11-03,QQQ,1,0.9999969864297715,Low
2023-11-06,QQQ,1,0.9999990262858967,Low
2023-11-07,QQQ,1,0.9999985342744194,Low
2023-11-08,QQQ,1,0.9999991795192456,Low
2023-11-09,QQQ,1,0.9999984082459313,Low
2023-11-10,QQQ,1,0.9999885594697441,Low
2023-11-13,QQQ,1,0.9999990047290744,Low
2023-11-14,QQQ,1,0.9999801447186057,Low
2023-11-15,QQQ,1,0.9999991128537955,Low
2023-11-16,QQQ,1,0.9999994336709972,Low
2023-11-17,QQQ,1,0.9999994219526195,Low
2023-11-20,QQQ,1,0.9999991946495871,Low
2023-11-21,QQQ,1,0.9999993518870096,Low
2023-11-22,QQQ,1,0.9999994642027176,Low
2023-11-24,QQQ,1,0.9999985746941246,Low
2023-11-27,QQQ,1,0.9999994290889656,Low
2023-11-28,QQQ,1,0.9999994902160714,Low
2023-11-29,QQQ,1,0.9999994719934451,Low
2023-11-30,QQQ,1,0.9999993400649504,Low
2023-12-01,QQQ,1,0.9999994948476708,Low
2023-12-04,QQQ,1,0.9999991155267981,Low
2023-12-05,QQQ,1,0.999999463245475,Low
2023-12-06,QQQ,1,0.9999993084541192,Low
2023-12-07,QQQ,1,0.9999987629761029,Low
2023-12-08,QQQ,1,0.9999988956071052,Low
2023-12-11,QQQ,1,0.9999939146858725,Low
2023-12-12,QQQ,1,0.9999532022689145,Low
2023-12-13,QQQ,1,0.9997211069782531,Low
2023-12-14,QQQ,1,0.9993086006353792,Low
2023-12-15,QQQ,1,0.998636498827668,Low
2023-12-18,QQQ,1,0.9973754542689313,Low
2023-12-19,QQQ,1,0.9962108586976648,Low
2023-12-20,QQQ,1,0.995056552388475,Low
2023-12-21,QQQ,1,0.9939986663244297,Low
2023-12-22,QQQ,1,0.9930899944084439,Low
2023-12-26,QQQ,1,0.9919743715697321,Low
2023-12-27,QQQ,1,0.9892082919092977,Low
2023-12-28,QQQ,1,0.9870707664522833,Low
2023-12-29,QQQ,1,0.9844179213530605,Low
2024-01-02,QQQ,1,0.9829903576199664,Low
2024-01-03,QQQ,1,0.9816918779647523,Low
2024-01-04,QQQ,1,0.9784073555410219,Low
2024-01-05,QQQ,1,0.9570079581681692,Low
2024-01-08,QQQ,1,0.8589330519124879,Low
2024-01-09,QQQ,1,0.7353464823583488,Low
2024-01-10,QQQ,1,0.5632977947619002,Low
2024-01-11,QQQ,0,0.6478982385352017,Medium
2024-01-12,QQQ,0,0.7821573405345187,Medium
2024-01-16,QQQ,0,0.8724811409971972,Medium
2024-01-17,QQQ,0,0.9242844567810097,Medium
2024-01-18,QQQ,0,0.96041066510312,Medium
2024-01-19,QQQ,0,0.9818656172883156,Medium
2024-01-22,QQQ,0,0.9987288339804166,Medium
2024-01-23,QQQ,0,0.9999175594212764,Medium
2024-01-24,QQQ,0,0.9999967166344746,Medium
2024-01-25,QQQ,0,0.9999998990479122,Medium
2024-01-26,QQQ,0,0.999999996004135,Medium
2024-01-29,QQQ,0,0.9999999998976818,Medium
2024-01-30,QQQ,0,0.9999999999968168,Medium
2024-01-31,QQQ,0,0.9999999999995453,Medium
2024-02-01,QQQ,0,1.0,Medium
2024-02-02,QQQ,0,1.0,Medium
2024-02-05,QQQ,0,1.0,Medium
2024-02-06,QQQ,0,1.0,Medium
2024-02-07,QQQ,0,1.0,Medium
2024-02-08,QQQ,0,1.0,Medium
2024-02-09,QQQ,0,1.0,Medium
2024-02-12,QQQ,0,1.0,Medium
2024-02-13,QQQ,0,1.0,Medium
2024-02-14,QQQ,0,1.0,Medium
2024-02-15,QQQ,0,1.0,Medium
2024-02-16,QQQ,0,1.0,Medium
2024-02-20,QQQ,0,1.0,Medium
2024-02-21,QQQ,0,1.0,Medium
2024-02-22,QQQ,0,1.0,Medium
2024-02-23,QQQ,0,1.0,Medium
2024-02-26,QQQ,0,1.0,Medium
2024-02-27,QQQ,0,1.0,Medium
2024-02-28,QQQ,0,1.0,Medium
2024-02-29,QQQ,0,1.0,Medium
2024-03-01,QQQ,0,1.0,Medium
2024-03-04,QQQ,0,1.0,Medium
2024-03-05,QQQ,0,1.0,Medium
2024-03-06,QQQ,0,1.0,Medium
2024-03-07,QQQ,0,1.0,Medium
2024-03-08,QQQ,0,1.0,Medium
2024-03-11,QQQ,0,1.0,Medium
2024-03-12,QQQ,0,1.0,Medium
2024-03-13,QQQ,0,1.0,Medium
2024-03-14,QQQ,0,1.0,Medium
2024-03-15,QQQ,0,1.0,Medium
2024-03-18,QQQ,0,1.0,Medium
2024-03-19,QQQ,0,1.0,Medium
2024-03-20,QQQ,0,1.0,Medium
2024-03-21,QQQ,0,1.0,Medium
2024-03-22,QQQ,0,1.0,Medium
2024-03-25,QQQ,0,1.0,Medium
2024-03-26,QQQ,0,1.0,Medium
2024-03-27,QQQ,0,1.0,Medium
2024-03-28,QQQ,0,1.0,Medium
2024-04-01,QQQ,0,1.0,Medium
2024-04-02,QQQ,0,1.0,Medium
2024-04-03,QQQ,0,1.0,Medium
2024-04-04,QQQ,0,1.0,Medium
2024-04-05,QQQ,0,1.0,Medium
2024-04-08,QQQ,0,1.0,Medium
2024-04-09,QQQ,0,1.0,Medium
2024-04-10,QQQ,0,1.0,Medium
2024-04-11,QQQ,0,1.0,Medium
2024-04-12,QQQ,0,1.0,Medium
2024-04-15,QQQ,0,1.0,Medium
2024-04-16,QQQ,0,1.0,Medium
2024-04-17,QQQ,0,1.0,Medium
2024-04-18,QQQ,0,1.0,Medium
2024-04-19,QQQ,0,1.0,Medium
2024-04-22,QQQ,0,1.0,Medium
2024-04-23,QQQ,0,1.0,Medium
2024-04-24,QQQ,0,1.0,Medium
2024-04-25,QQQ,0,1.0,Medium
2024-04-26,QQQ,0,1.0,Medium
2024-04-29,QQQ,0,1.0,Medium
2024-04-30,QQQ,0,1.0,Medium
2024-05-01,QQQ,0,1.0,Medium
2024-05-02,QQQ,0,1.0,Medium
2024-05-03,QQQ,0,1.0,Medium
2024-05-06,QQQ,0,1.0,Medium
2024-05-07,QQQ,0,1.0,Medium
2024-05-08,QQQ,0,1.0,Medium
2024-05-09,QQQ,0,1.0,Medium
2024-05-10,QQQ,0,1.0,Medium
2024-05-13,QQQ,0,1.0,Medium
2024-05-14,QQQ,0,1.0,Medium
2024-05-15,QQQ,0,1.0,Medium
2024-05-16,QQQ,0,1.0,Medium
2024-05-17,QQQ,0,1.0,Medium
2024-05-20,QQQ,0,1.0,Medium
2024-05-21,QQQ,0,1.0,Medium
2024-05-22,QQQ,0,1.0,Medium
2024-05-23,QQQ,0,1.0,Medium
2024-05-24,QQQ,0,1.0,Medium
2024-05-28,QQQ,0,1.0,Medium
2024-05-29,QQQ,0,1.0,Medium
2024-05-30,QQQ,0,1.0,Medium
2024-05-31,QQQ,0,1.0,Medium
2024-06-03,QQQ,0,1.0,Medium
2024-06-04,QQQ,0,1.0,Medium
2024-06-05,QQQ,0,1.0,Medium
2024-06-06,QQQ,0,1.0,Medium
2024-06-07,QQQ,0,1.0,Medium
2024-06-10,QQQ,0,1.0,Medium
2024-06-11,QQQ,0,1.0,Medium
2024-06-12,QQQ,0,1.0,Medium
2024-06-13,QQQ,0,1.0,Medium
2024-06-14,QQQ,0,1.0,Medium
2024-06-17,QQQ,0,1.0,Medium
2024-06-18,QQQ,0,1.0,Medium
2024-06-20,QQQ,0,1.0,Medium
2024-06-21,QQQ,0,1.0,Medium
2024-06-24,QQQ,0,1.0,Medium
2024-06-25,QQQ,0,1.0,Medium
2024-06-26,QQQ,0,1.0,Medium
2024-06-27,QQQ,0,1.0,Medium
2024-06-28,QQQ,0,1.0,Medium
2024-07-01,QQQ,0,1.0,Medium
2024-07-02,QQQ,0,1.0,Medium
2024-07-03,QQQ,0,1.0,Medium
2024-07-05,QQQ,0,1.0,Medium
2024-07-08,QQQ,0,1.0,Medium
2024-07-09,QQQ,0,1.0,Medium
2024-07-10,QQQ,0,1.0,Medium
2024-07-11,QQQ,0,1.0,Medium
2024-07-12,QQQ,0,1.0,Medium
2024-07-15,QQQ,0,1.0,Medium
2024-07-16,QQQ,0,1.0,Medium
2024-07-17,QQQ,0,1.0,Medium
2024-07-18,QQQ,0,1.0,Medium
2024-07-19,QQQ,0,1.0,Medium
2024-07-22,QQQ,0,1.0,Medium
2024-07-23,QQQ,0,1.0,Medium
2024-07-24,QQQ,0,1.0,Medium
2024-07-25,QQQ,0,1.0,Medium
2024-07-26,QQQ,0,1.0,Medium
2024-07-29,QQQ,0,1.0,Medium
2024-07-30,QQQ,0,1.0,Medium
2024-07-31,QQQ,0,1.0,Medium
2024-08-01,QQQ,0,1.0,Medium
2024-08-02,QQQ,0,1.0,Medium
2024-08-05,QQQ,0,1.0,Medium
2024-08-06,QQQ,0,1.0,Medium
2024-08-07,QQQ,0,1.0,Medium
2024-08-08,QQQ,0,1.0,Medium
2024-08-09,QQQ,0,1.0,Medium
2024-08-12,QQQ,0,1.0,Medium
2024-08-13,QQQ,0,1.0,Medium
2024-08-14,QQQ,0,1.0,Medium
2024-08-15,QQQ,0,1.0,Medium
2024-08-16,QQQ,0,1.0,Medium
2024-08-19,QQQ,0,1.0,Medium
2024-08-20,QQQ,0,1.0,Medium
2024-08-21,QQQ,0,1.0,Medium
2024-08-22,QQQ,0,1.0,Medium
2024-08-23,QQQ,0,1.0,Medium
2024-08-26,QQQ,0,1.0,Medium
2024-08-27,QQQ,0,1.0,Medium
2024-08-28,QQQ,0,1.0,Medium
2024-08-29,QQQ,0,1.0,Medium
2024-08-30,QQQ,0,1.0,Medium
2024-09-03,QQQ,0,1.0,Medium
2024-09-04,QQQ,0,1.0,Medium
2024-09-05,QQQ,0,1.0,Medium
2024-09-06,QQQ,0,1.0,Medium
2024-09-09,QQQ,0,1.0,Medium
2024-09-10,QQQ,0,1.0,Medium
2024-09-11,QQQ,0,1.0,Medium
2024-09-12,QQQ,0,1.0,Medium
2024-09-13,QQQ,0,1.0,Medium
2024-09-16,QQQ,0,1.0,Medium
2024-09-17,QQQ,0,1.0,Medium
2024-09-18,QQQ,0,1.0,Medium
2024-09-19,QQQ,0,1.0,Medium
2024-09-20,QQQ,0,1.0,Medium
2024-09-23,QQQ,0,1.0,Medium
2024-09-24,QQQ,0,1.0,Medium
2024-09-25,QQQ,0,1.0,Medium
2024-09-26,QQQ,0,1.0,Medium
2024-09-27,QQQ,0,1.0,Medium
2024-09-30,QQQ,0,1.0,Medium
2024-10-01,QQQ,0,1.0,Medium
2024-10-02,QQQ,0,1.0,Medium
2024-10-03,QQQ,0,1.0,Medium
2024-10-04,QQQ,0,1.0,Medium
2024-10-07,QQQ,0,1.0,Medium
2024-10-08,QQQ,0,1.0,Medium
2024-10-09,QQQ,0,1.0,Medium
2024-10-10,QQQ,0,1.0,Medium
2024-10-11,QQQ,0,1.0,Medium
2024-10-14,QQQ,0,1.0,Medium
2024-10-15,QQQ,0,1.0,Medium
2024-10-16,QQQ,0,1.0,Medium
2024-10-17,QQQ,0,1.0,Medium
2024-10-18,QQQ,0,1.0,Medium
2024-10-21,QQQ,0,1.0,Medium
2024-10-22,QQQ,0,1.0,Medium
2024-10-23,QQQ,0,1.0,Medium
2024-10-24,QQQ,0,1.0,Medium
2024-10-25,QQQ,0,1.0,Medium
2024-10-28,QQQ,0,1.0,Medium
2024-10-29,QQQ,0,1.0,Medium
2024-10-30,QQQ,0,1.0,Medium
2024-10-31,QQQ,0,1.0,Medium
2024-11-01,QQQ,0,1.0,Medium
2024-11-04,QQQ,0,1.0,Medium
2024-11-05,QQQ,0,1.0,Medium
2024-11-06,QQQ,0,1.0,Medium
2024-11-07,QQQ,0,1.0,Medium
2024-11-08,QQQ,0,1.0,Medium
2024-11-11,QQQ,0,1.0,Medium
2024-11-12,QQQ,0,1.0,Medium
2024-11-13,QQQ,0,1.0,Medium
2024-11-14,QQQ,0,1.0,Medium
2024-11-15,QQQ,0,1.0,Medium
2024-11-18,QQQ,0,1.0,Medium
2024-11-19,QQQ,0,1.0,Medium
2024-11-20,QQQ,0,1.0,Medium
2024-11-21,QQQ,0,1.0,Medium
2024-11-22,QQQ,0,1.0,Medium
2024-11-25,QQQ,0,1.0,Medium
2024-11-26,QQQ,0,1.0,Medium
2024-11-27,QQQ,0,1.0,Medium
2024-11-29,QQQ,0,1.0,Medium
2024-12-02,QQQ,0,1.0,Medium
2024-12-03,QQQ,0,1.0,Medium
2024-12-04,QQQ,0,1.0,Medium
2024-12-05,QQQ,0,1.0,Medium
2024-12-06,QQQ,0,1.0,Medium
2024-12-09,QQQ,0,1.0,Medium
2024-12-10,QQQ,0,1.0,Medium
2024-12-11,QQQ,0,1.0,Medium
2024-12-12,QQQ,0,1.0,Medium
2024-12-13,QQQ,0,1.0,Medium
2024-12-16,QQQ,0,1.0,Medium
2024-12-17,QQQ,0,1.0,Medium
2024-12-18,QQQ,0,1.0,Medium
2024-12-19,QQQ,0,1.0,Medium
2024-12-20,QQQ,0,1.0,Medium
2024-12-23,QQQ,0,1.0,Medium
2024-12-24,QQQ,0,1.0,Medium
2024-12-26,QQQ,0,1.0,Medium
2024-12-27,QQQ,0,1.0,Medium
2024-12-30,QQQ,0,1.0,Medium
