Date,Ticker,Predicted_Close_Normalized
2020-03-30,MSFT,0.07275124
2020-03-31,MSFT,0.07562941
2020-04-01,MSFT,0.07917793
2020-04-02,MSFT,0.08230737
2020-04-03,MSFT,0.08438044
2020-04-06,MSFT,0.085342035
2020-04-07,MSFT,0.08614304
2020-04-08,MSFT,0.08767886
2020-04-09,MSFT,0.08990513
2020-04-13,MSFT,0.092458084
2020-04-14,MSFT,0.094836876
2020-04-15,MSFT,0.097480774
2020-04-16,MSFT,0.100467674
2020-04-17,MSFT,0.10398255
2020-04-20,MSFT,0.10817997
2020-04-21,MSFT,0.112599395
2020-04-22,MSFT,0.1158424
2020-04-23,MSFT,0.11798188
2020-04-24,MSFT,0.11923774
2020-04-27,MSFT,0.11982483
2020-04-28,MSFT,0.120242506
2020-04-29,MSFT,0.12037366
2020-04-30,MSFT,0.12046187
2020-05-01,MSFT,0.12118837
2020-05-04,MSFT,0.12241951
2020-05-05,MSFT,0.12407297
2020-05-06,MSFT,0.12645657
2020-05-07,MSFT,0.12962393
2020-05-08,MSFT,0.13340983
2020-05-11,MSFT,0.1374717
2020-05-12,MSFT,0.14149489
2020-05-13,MSFT,0.14509727
2020-05-14,MSFT,0.14744002
2020-05-15,MSFT,0.14824843
2020-05-18,MSFT,0.14817232
2020-05-19,MSFT,0.14830072
2020-05-20,MSFT,0.1489956
2020-05-21,MSFT,0.1502485
2020-05-22,MSFT,0.15182668
2020-05-26,MSFT,0.1533898
2020-05-27,MSFT,0.15459566
2020-05-28,MSFT,0.15487985
2020-05-29,MSFT,0.15456472
2020-06-01,MSFT,0.15399913
2020-06-02,MSFT,0.15361239
2020-06-03,MSFT,0.15359919
2020-06-04,MSFT,0.15412687
2020-06-05,MSFT,0.15493295
2020-06-08,MSFT,0.15584444
2020-06-09,MSFT,0.1570961
2020-06-10,MSFT,0.158954
2020-06-11,MSFT,0.1618543
2020-06-12,MSFT,0.1649566
2020-06-15,MSFT,0.1677145
2020-06-16,MSFT,0.16977458
2020-06-17,MSFT,0.17175119
2020-06-18,MSFT,0.17418766
2020-06-19,MSFT,0.17705564
2020-06-22,MSFT,0.17998663
2020-06-23,MSFT,0.18305913
2020-06-24,MSFT,0.18667732
2020-06-25,MSFT,0.19020855
2020-06-26,MSFT,0.19321133
2020-06-29,MSFT,0.1949819
2020-06-30,MSFT,0.19581848
2020-07-01,MSFT,0.19644712
2020-07-02,MSFT,0.19760507
2020-07-06,MSFT,0.19970602
2020-07-07,MSFT,0.20298012
2020-07-08,MSFT,0.20711422
2020-07-09,MSFT,0.21167868
2020-07-10,MSFT,0.21665064
2020-07-13,MSFT,0.2215522
2020-07-14,MSFT,0.22542378
2020-07-15,MSFT,0.22738294
2020-07-16,MSFT,0.22791535
2020-07-17,MSFT,0.22696728
2020-07-20,MSFT,0.22479253
2020-07-21,MSFT,0.22250429
2020-07-22,MSFT,0.22110069
2020-07-23,MSFT,0.22057617
2020-07-24,MSFT,0.21991536
2020-07-27,MSFT,0.21864805
2020-07-28,MSFT,0.21716425
2020-07-29,MSFT,0.21581873
2020-07-30,MSFT,0.21479711
2020-07-31,MSFT,0.21385166
2020-08-03,MSFT,0.21269375
2020-08-04,MSFT,0.21260008
2020-08-05,MSFT,0.21424541
2020-08-06,MSFT,0.21764228
2020-08-07,MSFT,0.22207853
2020-08-10,MSFT,0.226702
2020-08-11,MSFT,0.23012969
2020-08-12,MSFT,0.23140192
2020-08-13,MSFT,0.23108302
2020-08-14,MSFT,0.23009893
2020-08-17,MSFT,0.2289157
2020-08-18,MSFT,0.22791725
2020-08-19,MSFT,0.22734353
2020-08-20,MSFT,0.22713095
2020-08-21,MSFT,0.22743475
2020-08-24,MSFT,0.22830388
2020-08-25,MSFT,0.2298253
2020-08-26,MSFT,0.23192814
2020-08-27,MSFT,0.23472998
2020-08-28,MSFT,0.23850945
2020-08-31,MSFT,0.24412298
2020-09-01,MSFT,0.25064102
2020-09-02,MSFT,0.2571513
2020-09-03,MSFT,0.263351
2020-09-04,MSFT,0.267289
2020-09-08,MSFT,0.26747245
2020-09-09,MSFT,0.26349393
2020-09-10,MSFT,0.25735447
2020-09-11,MSFT,0.25065064
2020-09-14,MSFT,0.24385323
2020-09-15,MSFT,0.23760551
2020-09-16,MSFT,0.23278078
2020-09-17,MSFT,0.22934806
2020-09-18,MSFT,0.22618154
2020-09-21,MSFT,0.22254094
2020-09-22,MSFT,0.218698
2020-09-23,MSFT,0.21588384
2020-09-24,MSFT,0.21422267
2020-09-25,MSFT,0.21323279
2020-09-28,MSFT,0.2131401
2020-09-29,MSFT,0.21436173
2020-09-30,MSFT,0.21649441
2020-10-01,MSFT,0.21896407
2020-10-02,MSFT,0.22197345
2020-10-05,MSFT,0.22443423
2020-10-06,MSFT,0.22631396
2020-10-07,MSFT,0.22727226
2020-10-08,MSFT,0.22758035
2020-10-09,MSFT,0.22780639
2020-10-12,MSFT,0.22853051
2020-10-13,MSFT,0.23054999
2020-10-14,MSFT,0.2343697
2020-10-15,MSFT,0.23944315
2020-10-16,MSFT,0.24444991
2020-10-19,MSFT,0.24888483
2020-10-20,MSFT,0.2520409
2020-10-21,MSFT,0.25358388
2020-10-22,MSFT,0.2536143
2020-10-23,MSFT,0.25250345
2020-10-26,MSFT,0.2509624
2020-10-27,MSFT,0.24865201
2020-10-28,MSFT,0.2459636
2020-10-29,MSFT,0.2420677
2020-10-30,MSFT,0.23760357
2020-11-02,MSFT,0.23271784
2020-11-03,MSFT,0.22803979
2020-11-04,MSFT,0.22437787
2020-11-05,MSFT,0.22312169
2020-11-06,MSFT,0.22544622
2020-11-09,MSFT,0.2308403
2020-11-10,MSFT,0.23767188
2020-11-11,MSFT,0.24329664
2020-11-12,MSFT,0.2473188
2020-11-13,MSFT,0.25007257
2020-11-16,MSFT,0.25174904
2020-11-17,MSFT,0.2524205
2020-11-18,MSFT,0.2522539
2020-11-19,MSFT,0.25109702
2020-11-20,MSFT,0.24914381
2020-11-23,MSFT,0.2467612
2020-11-24,MSFT,0.24410099
2020-11-25,MSFT,0.24150373
2020-11-27,MSFT,0.23985204
2020-11-30,MSFT,0.23954198
2020-12-01,MSFT,0.23977903
2020-12-02,MSFT,0.24053533
2020-12-03,MSFT,0.24166897
2020-12-04,MSFT,0.2429525
2020-12-07,MSFT,0.24414343
2020-12-08,MSFT,0.24511942
2020-12-09,MSFT,0.24597001
2020-12-10,MSFT,0.24629712
2020-12-11,MSFT,0.24596003
2020-12-14,MSFT,0.24502271
2020-12-15,MSFT,0.24416599
2020-12-16,MSFT,0.24370313
2020-12-17,MSFT,0.2439836
2020-12-18,MSFT,0.24533388
2020-12-21,MSFT,0.24679415
2020-12-22,MSFT,0.24887502
2020-12-23,MSFT,0.25212184
2020-12-24,MSFT,0.25601187
2020-12-28,MSFT,0.26009792
2020-12-29,MSFT,0.2640668
2020-12-30,MSFT,0.2677186
2020-12-31,MSFT,0.27050442
2021-01-04,MSFT,0.27201787
2021-01-05,MSFT,0.2716846
2021-01-06,MSFT,0.26986086
2021-01-07,MSFT,0.2662883
2021-01-08,MSFT,0.2622198
2021-01-11,MSFT,0.25890154
2021-01-12,MSFT,0.2565957
2021-01-13,MSFT,0.2549091
2021-01-14,MSFT,0.2536878
2021-01-15,MSFT,0.2525636
2021-01-19,MSFT,0.2512191
2021-01-20,MSFT,0.2500004
2021-01-21,MSFT,0.2498933
2021-01-22,MSFT,0.25161728
2021-01-25,MSFT,0.2552661
2021-01-26,MSFT,0.2602382
2021-01-27,MSFT,0.2659907
2021-01-28,MSFT,0.27195078
2021-01-29,MSFT,0.27851447
2021-02-01,MSFT,0.28475213
2021-02-02,MSFT,0.29068103
2021-02-03,MSFT,0.2965415
2021-02-04,MSFT,0.3021856
2021-02-05,MSFT,0.30731294
2021-02-08,MSFT,0.31178167
2021-02-09,MSFT,0.31535974
2021-02-10,MSFT,0.31802392
2021-02-11,MSFT,0.31998342
2021-02-12,MSFT,0.32162207
2021-02-16,MSFT,0.32303625
2021-02-17,MSFT,0.32400757
2021-02-18,MSFT,0.32454187
2021-02-19,MSFT,0.32484055
2021-02-22,MSFT,0.3247273
2021-02-23,MSFT,0.32299238
2021-02-24,MSFT,0.31947002
2021-02-25,MSFT,0.31496003
2021-02-26,MSFT,0.30974954
2021-03-01,MSFT,0.3047911
2021-03-02,MSFT,0.30149966
2021-03-03,MSFT,0.30007172
2021-03-04,MSFT,0.2991097
2021-03-05,MSFT,0.29752135
2021-03-08,MSFT,0.29572558
2021-03-09,MSFT,0.2941084
2021-03-10,MSFT,0.29342097
2021-03-11,MSFT,0.29393142
2021-03-12,MSFT,0.29564643
2021-03-15,MSFT,0.29801393
2021-03-16,MSFT,0.30031005
2021-03-17,MSFT,0.30263212
2021-03-18,MSFT,0.30461317
2021-03-19,MSFT,0.30530778
2021-03-22,MSFT,0.30427545
2021-03-23,MSFT,0.3027141
2021-03-24,MSFT,0.30190164
2021-03-25,MSFT,0.30198598
2021-03-26,MSFT,0.3021561
2021-03-29,MSFT,0.30234537
2021-03-30,MSFT,0.30261332
2021-03-31,MSFT,0.30255312
2021-04-01,MSFT,0.3020795
2021-04-05,MSFT,0.30251843
2021-04-06,MSFT,0.3047682
2021-04-07,MSFT,0.3091659
2021-04-08,MSFT,0.3151297
2021-04-09,MSFT,0.3223102
2021-04-12,MSFT,0.33002126
2021-04-13,MSFT,0.33758152
2021-04-14,MSFT,0.3448102
2021-04-15,MSFT,0.35110402
2021-04-16,MSFT,0.35639626
2021-04-19,MSFT,0.36079538
2021-04-20,MSFT,0.36434612
2021-04-21,MSFT,0.36698347
2021-04-22,MSFT,0.36881632
2021-04-23,MSFT,0.3698615
2021-04-26,MSFT,0.37057996
2021-04-27,MSFT,0.37154418
2021-04-28,MSFT,0.37253565
2021-04-29,MSFT,0.37190932
2021-04-30,MSFT,0.36966768
2021-05-03,MSFT,0.36634412
2021-05-04,MSFT,0.36311388
2021-05-05,MSFT,0.35949862
2021-05-06,MSFT,0.35584962
2021-05-07,MSFT,0.35234582
2021-05-10,MSFT,0.34999633
2021-05-11,MSFT,0.34837806
2021-05-12,MSFT,0.34649608
2021-05-13,MSFT,0.34350634
2021-05-14,MSFT,0.34013826
2021-05-17,MSFT,0.3376813
2021-05-18,MSFT,0.33612725
2021-05-19,MSFT,0.3353284
2021-05-20,MSFT,0.33443317
2021-05-21,MSFT,0.33406335
2021-05-24,MSFT,0.33440226
2021-05-25,MSFT,0.3357898
2021-05-26,MSFT,0.3384644
2021-05-27,MSFT,0.3419721
2021-05-28,MSFT,0.34530783
2021-06-01,MSFT,0.34823442
2021-06-02,MSFT,0.35020274
2021-06-03,MSFT,0.35105088
2021-06-04,MSFT,0.3503727
2021-06-07,MSFT,0.34924102
2021-06-08,MSFT,0.3486737
2021-06-09,MSFT,0.34925985
2021-06-10,MSFT,0.35100555
2021-06-11,MSFT,0.35357618
2021-06-14,MSFT,0.35702002
2021-06-15,MSFT,0.36105126
2021-06-16,MSFT,0.36526147
2021-06-17,MSFT,0.36876303
2021-06-18,MSFT,0.37143186
2021-06-21,MSFT,0.3732071
2021-06-22,MSFT,0.37474114
2021-06-23,MSFT,0.37676316
2021-06-24,MSFT,0.37965083
2021-06-25,MSFT,0.3831962
2021-06-28,MSFT,0.3866811
2021-06-29,MSFT,0.39017248
2021-06-30,MSFT,0.39386407
2021-07-01,MSFT,0.3975826
2021-07-02,MSFT,0.401229
2021-07-06,MSFT,0.4050168
2021-07-07,MSFT,0.40894982
2021-07-08,MSFT,0.41342548
2021-07-09,MSFT,0.41766113
2021-07-12,MSFT,0.42121
2021-07-13,MSFT,0.42430273
2021-07-14,MSFT,0.4269357
2021-07-15,MSFT,0.42964765
2021-07-16,MSFT,0.4322632
2021-07-19,MSFT,0.43452382
2021-07-20,MSFT,0.43538886
2021-07-21,MSFT,0.43533924
2021-07-22,MSFT,0.43500066
2021-07-23,MSFT,0.4356086
2021-07-26,MSFT,0.43788245
2021-07-27,MSFT,0.44148082
2021-07-28,MSFT,0.44506374
2021-07-29,MSFT,0.44809434
2021-07-30,MSFT,0.4508695
2021-08-02,MSFT,0.4528616
2021-08-03,MSFT,0.4542208
2021-08-04,MSFT,0.4550905
2021-08-05,MSFT,0.45572445
2021-08-06,MSFT,0.45665163
2021-08-09,MSFT,0.457922
2021-08-10,MSFT,0.4595423
2021-08-11,MSFT,0.46087942
2021-08-12,MSFT,0.46191898
2021-08-13,MSFT,0.46282944
2021-08-16,MSFT,0.46404278
2021-08-17,MSFT,0.46575314
2021-08-18,MSFT,0.46780396
2021-08-19,MSFT,0.46987498
2021-08-20,MSFT,0.47161552
2021-08-23,MSFT,0.47413343
2021-08-24,MSFT,0.4784788
2021-08-25,MSFT,0.4843091
2021-08-26,MSFT,0.49044386
2021-08-27,MSFT,0.49568206
2021-08-30,MSFT,0.4990888
2021-08-31,MSFT,0.5015861
2021-09-01,MSFT,0.50313884
2021-09-02,MSFT,0.5042578
2021-09-03,MSFT,0.50501835
2021-09-07,MSFT,0.5054772
2021-09-08,MSFT,0.5053811
2021-09-09,MSFT,0.5048355
2021-09-10,MSFT,0.50378674
2021-09-13,MSFT,0.5021298
2021-09-14,MSFT,0.49985582
2021-09-15,MSFT,0.4979401
2021-09-16,MSFT,0.49717662
2021-09-17,MSFT,0.4979503
2021-09-20,MSFT,0.4986081
2021-09-21,MSFT,0.4975818
2021-09-22,MSFT,0.4957395
2021-09-23,MSFT,0.4937353
2021-09-24,MSFT,0.49257478
2021-09-27,MSFT,0.49238834
2021-09-28,MSFT,0.4919132
2021-09-29,MSFT,0.48863956
2021-09-30,MSFT,0.48327312
2021-10-01,MSFT,0.47651103
2021-10-04,MSFT,0.46976355
2021-10-05,MSFT,0.46360904
2021-10-06,MSFT,0.45913202
2021-10-07,MSFT,0.45680988
2021-10-08,MSFT,0.45761374
2021-10-11,MSFT,0.46103638
2021-10-12,MSFT,0.46576947
2021-10-13,MSFT,0.4706698
2021-10-14,MSFT,0.47505328
2021-10-15,MSFT,0.47938076
2021-10-18,MSFT,0.48397693
2021-10-19,MSFT,0.48915812
2021-10-20,MSFT,0.4952253
2021-10-21,MSFT,0.5016096
2021-10-22,MSFT,0.50777227
2021-10-25,MSFT,0.5133039
2021-10-26,MSFT,0.51764566
2021-10-27,MSFT,0.52062666
2021-10-28,MSFT,0.52319926
2021-10-29,MSFT,0.5275048
2021-11-01,MSFT,0.53373086
2021-11-02,MSFT,0.5416603
2021-11-03,MSFT,0.55061257
2021-11-04,MSFT,0.56000346
2021-11-05,MSFT,0.5688282
2021-11-08,MSFT,0.57701445
2021-11-09,MSFT,0.58414805
2021-11-10,MSFT,0.58989984
2021-11-11,MSFT,0.5931283
2021-11-12,MSFT,0.5944461
2021-11-15,MSFT,0.59474164
2021-11-16,MSFT,0.59513533
2021-11-17,MSFT,0.59600675
2021-11-18,MSFT,0.59788364
2021-11-19,MSFT,0.6003805
2021-11-22,MSFT,0.6038123
2021-11-23,MSFT,0.6072931
2021-11-24,MSFT,0.60911053
2021-11-26,MSFT,0.6095618
2021-11-29,MSFT,0.60806835
2021-11-30,MSFT,0.6057138
2021-12-01,MSFT,0.6018175
2021-12-02,MSFT,0.5976136
2021-12-03,MSFT,0.59326607
2021-12-06,MSFT,0.5878557
2021-12-07,MSFT,0.5820803
2021-12-08,MSFT,0.57819974
2021-12-09,MSFT,0.5770278
2021-12-10,MSFT,0.57823086
2021-12-13,MSFT,0.58111656
2021-12-14,MSFT,0.585657
2021-12-15,MSFT,0.5880557
2021-12-16,MSFT,0.58845115
2021-12-17,MSFT,0.5871256
2021-12-20,MSFT,0.5825278
2021-12-21,MSFT,0.5761956
2021-12-22,MSFT,0.5703294
2021-12-23,MSFT,0.5668678
2021-12-27,MSFT,0.5669519
2021-12-28,MSFT,0.5708673
2021-12-29,MSFT,0.57818794
2021-12-30,MSFT,0.58731055
2021-12-31,MSFT,0.59637284
2022-01-03,MSFT,0.603454
2022-01-04,MSFT,0.6068971
2022-01-05,MSFT,0.6062598
2022-01-06,MSFT,0.6003023
2022-01-07,MSFT,0.58953655
2022-01-10,MSFT,0.5764396
2022-01-11,MSFT,0.5621774
2022-01-12,MSFT,0.5497049
2022-01-13,MSFT,0.5410033
2022-01-14,MSFT,0.5344246
2022-01-18,MSFT,0.5288055
2022-01-19,MSFT,0.5232406
2022-01-20,MSFT,0.5180143
2022-01-21,MSFT,0.5137202
2022-01-24,MSFT,0.50843817
2022-01-25,MSFT,0.4997718
2022-01-26,MSFT,0.48926455
2022-01-27,MSFT,0.4798424
2022-01-28,MSFT,0.4741222
2022-01-31,MSFT,0.4722609
2022-02-01,MSFT,0.47450736
2022-02-02,MSFT,0.47952458
2022-02-03,MSFT,0.48642427
2022-02-04,MSFT,0.49235848
2022-02-07,MSFT,0.49640507
2022-02-08,MSFT,0.49861526
2022-02-09,MSFT,0.49897555
2022-02-10,MSFT,0.49932933
2022-02-11,MSFT,0.49849835
2022-02-14,MSFT,0.4960132
2022-02-15,MSFT,0.49158728
2022-02-16,MSFT,0.48727146
2022-02-17,MSFT,0.48360625
2022-02-18,MSFT,0.4799459
2022-02-22,MSFT,0.47577128
2022-02-23,MSFT,0.4705846
2022-02-24,MSFT,0.46476194
2022-02-25,MSFT,0.4580396
2022-02-28,MSFT,0.45403382
2022-03-01,MSFT,0.4533366
2022-03-02,MSFT,0.45536855
2022-03-03,MSFT,0.4593838
2022-03-04,MSFT,0.46471637
2022-03-07,MSFT,0.4689198
2022-03-08,MSFT,0.46950525
2022-03-09,MSFT,0.46539178
2022-03-10,MSFT,0.45985857
2022-03-11,MSFT,0.45439366
2022-03-14,MSFT,0.44995534
2022-03-15,MSFT,0.4459112
2022-03-16,MSFT,0.44283932
2022-03-17,MSFT,0.44190845
2022-03-18,MSFT,0.44377592
2022-03-21,MSFT,0.44801554
2022-03-22,MSFT,0.4543392
2022-03-23,MSFT,0.46230784
2022-03-24,MSFT,0.47052497
2022-03-25,MSFT,0.47822145
2022-03-28,MSFT,0.48518598
2022-03-29,MSFT,0.4915908
2022-03-30,MSFT,0.49831238
2022-03-31,MSFT,0.5052396
2022-04-01,MSFT,0.51111615
2022-04-04,MSFT,0.5152954
2022-04-05,MSFT,0.51862925
2022-04-06,MSFT,0.5213288
2022-04-07,MSFT,0.52081054
2022-04-08,MSFT,0.5173869
2022-04-11,MSFT,0.51224756
2022-04-12,MSFT,0.504295
2022-04-13,MSFT,0.49427626
2022-04-14,MSFT,0.4839195
2022-04-18,MSFT,0.47399616
2022-04-19,MSFT,0.46497577
2022-04-20,MSFT,0.45767865
2022-04-21,MSFT,0.4532755
2022-04-22,MSFT,0.45107386
2022-04-25,MSFT,0.4491263
2022-04-26,MSFT,0.44643727
2022-04-27,MSFT,0.44224423
2022-04-28,MSFT,0.43822867
2022-04-29,MSFT,0.43671477
2022-05-02,MSFT,0.43690622
2022-05-03,MSFT,0.43779087
2022-05-04,MSFT,0.43930808
2022-05-05,MSFT,0.4412714
2022-05-06,MSFT,0.44226316
2022-05-09,MSFT,0.44129986
2022-05-10,MSFT,0.4370008
2022-05-11,MSFT,0.43087262
2022-05-12,MSFT,0.42292842
2022-05-13,MSFT,0.4127836
2022-05-16,MSFT,0.4026234
2022-05-17,MSFT,0.3939398
2022-05-18,MSFT,0.38824823
2022-05-19,MSFT,0.38432044
2022-05-20,MSFT,0.38083282
2022-05-23,MSFT,0.37715387
2022-05-24,MSFT,0.37423593
2022-05-25,MSFT,0.37246254
2022-05-26,MSFT,0.37217256
2022-05-27,MSFT,0.37376583
2022-05-31,MSFT,0.37777734
2022-06-01,MSFT,0.3833577
2022-06-02,MSFT,0.3902334
2022-06-03,MSFT,0.39601642
2022-06-06,MSFT,0.40075073
2022-06-07,MSFT,0.4045104
2022-06-08,MSFT,0.40713778
2022-06-09,MSFT,0.40915918
2022-06-10,MSFT,0.4098117
2022-06-13,MSFT,0.40721107
2022-06-14,MSFT,0.3994294
2022-06-15,MSFT,0.38832802
2022-06-16,MSFT,0.3769318
2022-06-17,MSFT,0.3661852
2022-06-21,MSFT,0.3569165
2022-06-22,MSFT,0.3508346
2022-06-23,MSFT,0.34827346
2022-06-24,MSFT,0.34917134
2022-06-27,MSFT,0.3536442
2022-06-28,MSFT,0.36101896
2022-06-29,MSFT,0.3688549
2022-06-30,MSFT,0.37563267
2022-07-01,MSFT,0.37987584
2022-07-05,MSFT,0.3820105
2022-07-06,MSFT,0.38282168
2022-07-07,MSFT,0.3838188
2022-07-08,MSFT,0.38578653
2022-07-11,MSFT,0.38847494
2022-07-12,MSFT,0.39123303
2022-07-13,MSFT,0.3922053
2022-07-14,MSFT,0.3901851
2022-07-15,MSFT,0.38589656
2022-07-18,MSFT,0.38118783
2022-07-19,MSFT,0.3773539
2022-07-20,MSFT,0.37480325
2022-07-21,MSFT,0.37425178
2022-07-22,MSFT,0.37547198
2022-07-25,MSFT,0.37800163
2022-07-26,MSFT,0.3807196
2022-07-27,MSFT,0.3817495
2022-07-28,MSFT,0.38241726
2022-07-29,MSFT,0.38501453
2022-08-01,MSFT,0.39067057
2022-08-02,MSFT,0.39874154
2022-08-03,MSFT,0.40723583
2022-08-04,MSFT,0.41564435
2022-08-05,MSFT,0.423868
2022-08-08,MSFT,0.43119836
2022-08-09,MSFT,0.43732458
2022-08-10,MSFT,0.44161153
2022-08-11,MSFT,0.445488
2022-08-12,MSFT,0.44949993
2022-08-15,MSFT,0.45363155
2022-08-16,MSFT,0.4582274
2022-08-17,MSFT,0.46297392
2022-08-18,MSFT,0.4673238
2022-08-19,MSFT,0.47087252
2022-08-22,MSFT,0.47282365
2022-08-23,MSFT,0.47173092
2022-08-24,MSFT,0.46789798
2022-08-25,MSFT,0.46220028
2022-08-26,MSFT,0.4561429
2022-08-29,MSFT,0.44966114
2022-08-30,MSFT,0.44222286
2022-08-31,MSFT,0.43409136
2022-09-01,MSFT,0.42592555
2022-09-02,MSFT,0.41769728
2022-09-06,MSFT,0.41002473
2022-09-07,MSFT,0.40273482
2022-09-08,MSFT,0.39628667
2022-09-09,MSFT,0.39138207
2022-09-12,MSFT,0.38888663
2022-09-13,MSFT,0.3893097
2022-09-14,MSFT,0.38971862
2022-09-15,MSFT,0.3889832
2022-09-16,MSFT,0.38597488
2022-09-19,MSFT,0.3803282
2022-09-20,MSFT,0.37324762
2022-09-21,MSFT,0.36562812
2022-09-22,MSFT,0.35837662
2022-09-23,MSFT,0.35168862
2022-09-26,MSFT,0.34551808
2022-09-27,MSFT,0.34022027
2022-09-28,MSFT,0.33593416
2022-09-29,MSFT,0.3327208
2022-09-30,MSFT,0.33034268
2022-10-03,MSFT,0.32816732
2022-10-04,MSFT,0.32657248
2022-10-05,MSFT,0.32688475
2022-10-06,MSFT,0.32941514
2022-10-07,MSFT,0.33350745
2022-10-10,MSFT,0.33606708
2022-10-11,MSFT,0.33556715
2022-10-12,MSFT,0.33159006
2022-10-13,MSFT,0.3252114
2022-10-14,MSFT,0.31754404
2022-10-17,MSFT,0.3108536
2022-10-18,MSFT,0.30675912
2022-10-19,MSFT,0.30593315
2022-10-20,MSFT,0.30742508
2022-10-21,MSFT,0.31016868
2022-10-24,MSFT,0.31342927
2022-10-25,MSFT,0.31768405
2022-10-26,MSFT,0.3229084
2022-10-27,MSFT,0.32478806
2022-10-28,MSFT,0.32351235
2022-10-31,MSFT,0.32020652
2022-11-01,MSFT,0.31644857
2022-11-02,MSFT,0.31273633
2022-11-03,MSFT,0.30830944
2022-11-04,MSFT,0.30221346
2022-11-07,MSFT,0.29511675
2022-11-08,MSFT,0.28893045
2022-11-09,MSFT,0.2850783
2022-11-10,MSFT,0.28325266
2022-11-11,MSFT,0.28454626
2022-11-14,MSFT,0.28967458
2022-11-15,MSFT,0.2970952
2022-11-16,MSFT,0.3055154
2022-11-17,MSFT,0.31374905
2022-11-18,MSFT,0.32058275
2022-11-21,MSFT,0.3256724
2022-11-22,MSFT,0.3291782
2022-11-23,MSFT,0.33173236
2022-11-25,MSFT,0.33406067
2022-11-28,MSFT,0.33680975
2022-11-29,MSFT,0.33882308
2022-11-30,MSFT,0.33956248
2022-12-01,MSFT,0.33952957
2022-12-02,MSFT,0.3408285
2022-12-05,MSFT,0.34363562
2022-12-06,MSFT,0.34710753
2022-12-07,MSFT,0.35010946
2022-12-08,MSFT,0.35170949
2022-12-09,MSFT,0.35209695
2022-12-12,MSFT,0.35164642
2022-12-13,MSFT,0.35117313
2022-12-14,MSFT,0.3522069
2022-12-15,MSFT,0.35493454
2022-12-16,MSFT,0.35766572
2022-12-19,MSFT,0.35759217
2022-12-20,MSFT,0.3557154
2022-12-21,MSFT,0.352539
2022-12-22,MSFT,0.3490823
2022-12-23,MSFT,0.34510523
2022-12-27,MSFT,0.34081617
2022-12-28,MSFT,0.3367761
2022-12-29,MSFT,0.333085
2022-12-30,MSFT,0.33020228
2023-01-03,MSFT,0.3281802
2023-01-04,MSFT,0.3273003
2023-01-05,MSFT,0.32497087
2023-01-06,MSFT,0.3204704
2023-01-09,MSFT,0.3140902
2023-01-10,MSFT,0.30788344
2023-01-11,MSFT,0.30292788
2023-01-12,MSFT,0.3002322
2023-01-13,MSFT,0.30025327
2023-01-17,MSFT,0.30269384
2023-01-18,MSFT,0.30667615
2023-01-19,MSFT,0.31121844
2023-01-20,MSFT,0.31466943
2023-01-23,MSFT,0.3171214
2023-01-24,MSFT,0.31953168
2023-01-25,MSFT,0.32187328
2023-01-26,MSFT,0.32266498
2023-01-27,MSFT,0.32402727
2023-01-30,MSFT,0.32691592
2023-01-31,MSFT,0.33027282
2023-02-01,MSFT,0.33367163
2023-02-02,MSFT,0.3373876
2023-02-03,MSFT,0.3427869
2023-02-06,MSFT,0.3496316
2023-02-07,MSFT,0.3566841
2023-02-08,MSFT,0.36344057
2023-02-09,MSFT,0.37046754
2023-02-10,MSFT,0.37748152
2023-02-13,MSFT,0.38339144
2023-02-14,MSFT,0.38842982
2023-02-15,MSFT,0.39320725
2023-02-16,MSFT,0.39741278
2023-02-17,MSFT,0.39992473
2023-02-21,MSFT,0.39975452
2023-02-22,MSFT,0.39656845
2023-02-23,MSFT,0.39128515
2023-02-24,MSFT,0.38517684
2023-02-27,MSFT,0.3786325
2023-02-28,MSFT,0.3726955
2023-03-01,MSFT,0.36762437
2023-03-02,MSFT,0.3632545
2023-03-03,MSFT,0.35981065
2023-03-06,MSFT,0.35799125
2023-03-07,MSFT,0.35857403
2023-03-08,MSFT,0.36088103
2023-03-09,MSFT,0.36386782
2023-03-10,MSFT,0.36680818
2023-03-13,MSFT,0.36846653
2023-03-14,MSFT,0.36880594
2023-03-15,MSFT,0.36937812
2023-03-16,MSFT,0.37094468
2023-03-17,MSFT,0.374518
2023-03-20,MSFT,0.3807944
2023-03-21,MSFT,0.38886288
2023-03-22,MSFT,0.3974545
2023-03-23,MSFT,0.40563175
2023-03-24,MSFT,0.41309473
2023-03-27,MSFT,0.4197925
2023-03-28,MSFT,0.42545202
2023-03-29,MSFT,0.42940477
2023-03-30,MSFT,0.4323955
2023-03-31,MSFT,0.43538505
2023-04-03,MSFT,0.43869406
2023-04-04,MSFT,0.44253245
2023-04-05,MSFT,0.44674084
2023-04-06,MSFT,0.45057824
2023-04-10,MSFT,0.4538104
2023-04-11,MSFT,0.4567639
2023-04-12,MSFT,0.45849782
2023-04-13,MSFT,0.45906994
2023-04-14,MSFT,0.4593637
2023-04-17,MSFT,0.45975766
2023-04-18,MSFT,0.4607491
2023-04-19,MSFT,0.46255356
2023-04-20,MSFT,0.46457198
2023-04-21,MSFT,0.46609205
2023-04-24,MSFT,0.46678367
2023-04-25,MSFT,0.46598408
2023-04-26,MSFT,0.46256644
2023-04-27,MSFT,0.45984203
2023-04-28,MSFT,0.4603958
2023-05-01,MSFT,0.46542323
2023-05-02,MSFT,0.47439644
2023-05-03,MSFT,0.4851672
2023-05-04,MSFT,0.49590686
2023-05-05,MSFT,0.505236
2023-05-08,MSFT,0.51271665
2023-05-09,MSFT,0.5186238
2023-05-10,MSFT,0.52288604
2023-05-11,MSFT,0.5257757
2023-05-12,MSFT,0.52732325
2023-05-15,MSFT,0.5283544
2023-05-16,MSFT,0.5292727
2023-05-17,MSFT,0.530147
2023-05-18,MSFT,0.5315641
2023-05-19,MSFT,0.5340363
2023-05-22,MSFT,0.5374757
2023-05-23,MSFT,0.5420526
2023-05-24,MSFT,0.5464847
2023-05-25,MSFT,0.5497968
2023-05-26,MSFT,0.5526837
2023-05-30,MSFT,0.556578
2023-05-31,MSFT,0.5625187
2023-06-01,MSFT,0.5685283
2023-06-02,MSFT,0.5743439
2023-06-05,MSFT,0.58054686
2023-06-06,MSFT,0.5871719
2023-06-07,MSFT,0.59325975
2023-06-08,MSFT,0.5959772
2023-06-09,MSFT,0.5957555
2023-06-12,MSFT,0.59383595
2023-06-13,MSFT,0.59165305
2023-06-14,MSFT,0.5908712
2023-06-15,MSFT,0.5918871
2023-06-16,MSFT,0.595127
2023-06-20,MSFT,0.60013235
2023-06-21,MSFT,0.6054564
2023-06-22,MSFT,0.609392
2023-06-23,MSFT,0.6120406
2023-06-26,MSFT,0.613227
2023-06-27,MSFT,0.61262923
2023-06-28,MSFT,0.61086303
2023-06-29,MSFT,0.6093233
2023-06-30,MSFT,0.60842264
2023-07-03,MSFT,0.60870135
2023-07-05,MSFT,0.61059797
2023-07-06,MSFT,0.61308974
2023-07-07,MSFT,0.6154305
2023-07-10,MSFT,0.6176138
2023-07-11,MSFT,0.61751854
2023-07-12,MSFT,0.61539555
2023-07-13,MSFT,0.61322093
2023-07-14,MSFT,0.6129002
2023-07-17,MSFT,0.6152152
2023-07-18,MSFT,0.6195468
2023-07-19,MSFT,0.6241487
2023-07-20,MSFT,0.6304793
2023-07-21,MSFT,0.636677
2023-07-24,MSFT,0.63868546
2023-07-25,MSFT,0.6389109
2023-07-26,MSFT,0.63804984
2023-07-27,MSFT,0.6338841
2023-07-28,MSFT,0.6274838
2023-07-31,MSFT,0.62086
2023-08-01,MSFT,0.615026
2023-08-02,MSFT,0.61082786
2023-08-03,MSFT,0.60667896
2023-08-04,MSFT,0.602433
2023-08-07,MSFT,0.5987021
2023-08-08,MSFT,0.59588057
2023-08-09,MSFT,0.5931828
2023-08-10,MSFT,0.59022313
2023-08-11,MSFT,0.58740664
2023-08-14,MSFT,0.5840335
2023-08-15,MSFT,0.5809754
2023-08-16,MSFT,0.57872796
2023-08-17,MSFT,0.57707644
2023-08-18,MSFT,0.5754266
2023-08-21,MSFT,0.5728846
2023-08-22,MSFT,0.5706268
2023-08-23,MSFT,0.5701912
2023-08-24,MSFT,0.5717045
2023-08-25,MSFT,0.57457334
2023-08-28,MSFT,0.5773509
2023-08-29,MSFT,0.5802181
2023-08-30,MSFT,0.582939
2023-08-31,MSFT,0.58612865
2023-09-01,MSFT,0.5890422
2023-09-05,MSFT,0.59222996
2023-09-06,MSFT,0.5957031
2023-09-07,MSFT,0.59943104
2023-09-08,MSFT,0.602646
2023-09-11,MSFT,0.60537875
2023-09-12,MSFT,0.6086788
2023-09-13,MSFT,0.6116879
2023-09-14,MSFT,0.61416477
2023-09-15,MSFT,0.6167934
2023-09-18,MSFT,0.6174653
2023-09-19,MSFT,0.6163884
2023-09-20,MSFT,0.6138306
2023-09-21,MSFT,0.6097498
2023-09-22,MSFT,0.60316265
2023-09-25,MSFT,0.59562254
2023-09-26,MSFT,0.58800346
2023-09-27,MSFT,0.58001435
2023-09-28,MSFT,0.5724572
2023-09-29,MSFT,0.56593895
2023-10-02,MSFT,0.56146026
2023-10-03,MSFT,0.55961657
2023-10-04,MSFT,0.5595015
2023-10-05,MSFT,0.5604707
2023-10-06,MSFT,0.5623914
2023-10-09,MSFT,0.5652074
2023-10-10,MSFT,0.5696447
2023-10-11,MSFT,0.5755325
2023-10-12,MSFT,0.58241427
2023-10-13,MSFT,0.58933747
2023-10-16,MSFT,0.5952039
2023-10-17,MSFT,0.6000627
2023-10-18,MSFT,0.6036203
2023-10-19,MSFT,0.605832
2023-10-20,MSFT,0.607075
2023-10-23,MSFT,0.60682786
2023-10-24,MSFT,0.60530794
2023-10-25,MSFT,0.6030946
2023-10-26,MSFT,0.6018888
2023-10-27,MSFT,0.60133773
2023-10-30,MSFT,0.60103893
2023-10-31,MSFT,0.60191464
2023-11-01,MSFT,0.60425067
2023-11-02,MSFT,0.6082872
2023-11-03,MSFT,0.6143359
2023-11-06,MSFT,0.6222886
2023-11-07,MSFT,0.6318414
2023-11-08,MSFT,0.6426128
2023-11-09,MSFT,0.6537628
2023-11-10,MSFT,0.6641575
2023-11-13,MSFT,0.6735145
2023-11-14,MSFT,0.682142
2023-11-15,MSFT,0.6897701
2023-11-16,MSFT,0.6963403
2023-11-17,MSFT,0.7023387
2023-11-20,MSFT,0.70621693
2023-11-21,MSFT,0.7080027
2023-11-22,MSFT,0.7095336
2023-11-24,MSFT,0.71220624
2023-11-27,MSFT,0.71651983
2023-11-28,MSFT,0.72127044
2023-11-29,MSFT,0.72643423
2023-11-30,MSFT,0.73099303
2023-12-01,MSFT,0.7338878
2023-12-04,MSFT,0.7343172
2023-12-05,MSFT,0.73124814
2023-12-06,MSFT,0.7267375
2023-12-07,MSFT,0.7224213
2023-12-08,MSFT,0.7185339
2023-12-11,MSFT,0.7160934
2023-12-12,MSFT,0.71416223
2023-12-13,MSFT,0.71346724
2023-12-14,MSFT,0.71390104
2023-12-15,MSFT,0.71314335
2023-12-18,MSFT,0.7088733
2023-12-19,MSFT,0.70592177
2023-12-20,MSFT,0.7051648
2023-12-21,MSFT,0.70613945
2023-12-22,MSFT,0.70866823
2023-12-26,MSFT,0.71237004
2023-12-27,MSFT,0.7170452
2023-12-28,MSFT,0.72163177
2023-12-29,MSFT,0.72595394
2024-01-02,MSFT,0.7295265
2024-01-03,MSFT,0.7309674
2024-01-04,MSFT,0.7303802
2024-01-05,MSFT,0.72840333
2024-01-08,MSFT,0.7255746
2024-01-09,MSFT,0.72311497
2024-01-10,MSFT,0.7219353
2024-01-11,MSFT,0.72306526
2024-01-12,MSFT,0.7270429
2024-01-16,MSFT,0.7336043
2024-01-17,MSFT,0.7419801
2024-01-18,MSFT,0.75039244
2024-01-19,MSFT,0.7585807
2024-01-22,MSFT,0.7663485
2024-01-23,MSFT,0.7735082
2024-01-24,MSFT,0.77994835
2024-01-25,MSFT,0.78623676
2024-01-26,MSFT,0.7927834
2024-01-29,MSFT,0.7992066
2024-01-30,MSFT,0.8052206
2024-01-31,MSFT,0.8102734
2024-02-01,MSFT,0.8117535
2024-02-02,MSFT,0.8113036
2024-02-05,MSFT,0.8107946
2024-02-06,MSFT,0.81079125
2024-02-07,MSFT,0.81136775
2024-02-08,MSFT,0.81326437
2024-02-09,MSFT,0.81689775
2024-02-12,MSFT,0.8224411
2024-02-13,MSFT,0.82891786
2024-02-14,MSFT,0.83217895
2024-02-15,MSFT,0.833225
2024-02-16,MSFT,0.83239794
2024-02-20,MSFT,0.83019316
2024-02-21,MSFT,0.8263829
2024-02-22,MSFT,0.82185376
2024-02-23,MSFT,0.8191078
2024-02-26,MSFT,0.819649
2024-02-27,MSFT,0.82217073
2024-02-28,MSFT,0.82514155
2024-02-29,MSFT,0.82814085
2024-03-01,MSFT,0.83006394
2024-03-04,MSFT,0.83261096
2024-03-05,MSFT,0.8359444
2024-03-06,MSFT,0.83732796
2024-03-07,MSFT,0.83581936
2024-03-08,MSFT,0.83349204
2024-03-11,MSFT,0.83131456
2024-03-12,MSFT,0.8290702
2024-03-13,MSFT,0.8282474
2024-03-14,MSFT,0.8301678
2024-03-15,MSFT,0.8345399
2024-03-18,MSFT,0.83813846
2024-03-19,MSFT,0.8418697
2024-03-20,MSFT,0.8459159
2024-03-21,MSFT,0.85100687
2024-03-22,MSFT,0.8575982
2024-03-25,MSFT,0.86492455
2024-03-26,MSFT,0.8709712
2024-03-27,MSFT,0.8751595
2024-03-28,MSFT,0.87725556
2024-04-01,MSFT,0.876917
2024-04-02,MSFT,0.87629807
2024-04-03,MSFT,0.87487066
2024-04-04,MSFT,0.8731766
2024-04-05,MSFT,0.8717023
2024-04-08,MSFT,0.8710103
2024-04-09,MSFT,0.87179315
2024-04-10,MSFT,0.8739537
2024-04-11,MSFT,0.8758775
2024-04-12,MSFT,0.878001
2024-04-15,MSFT,0.87915874
2024-04-16,MSFT,0.87862897
2024-04-17,MSFT,0.8760536
2024-04-18,MSFT,0.8720498
2024-04-19,MSFT,0.86553335
2024-04-22,MSFT,0.855567
2024-04-23,MSFT,0.8442584
2024-04-24,MSFT,0.83497596
2024-04-25,MSFT,0.82949567
2024-04-26,MSFT,0.8225112
2024-04-29,MSFT,0.81797445
2024-04-30,MSFT,0.8155072
2024-05-01,MSFT,0.81220937
2024-05-02,MSFT,0.8082874
2024-05-03,MSFT,0.8051013
2024-05-06,MSFT,0.8045418
2024-05-07,MSFT,0.80774975
2024-05-08,MSFT,0.813666
2024-05-09,MSFT,0.82088065
2024-05-10,MSFT,0.82821465
2024-05-13,MSFT,0.8354187
2024-05-14,MSFT,0.8420222
2024-05-15,MSFT,0.84747374
2024-05-16,MSFT,0.85258365
2024-05-17,MSFT,0.8579117
2024-05-20,MSFT,0.86293626
2024-05-21,MSFT,0.86772287
2024-05-22,MSFT,0.8727517
2024-05-23,MSFT,0.87824404
2024-05-24,MSFT,0.8836138
2024-05-28,MSFT,0.88846016
2024-05-29,MSFT,0.8923601
2024-05-30,MSFT,0.89489996
2024-05-31,MSFT,0.8930763
2024-06-03,MSFT,0.88488436
2024-06-04,MSFT,0.8751178
2024-06-05,MSFT,0.86613226
2024-06-06,MSFT,0.86042786
2024-06-07,MSFT,0.85894156
2024-06-10,MSFT,0.8611926
2024-06-11,MSFT,0.86610734
2024-06-12,MSFT,0.8728981
2024-06-13,MSFT,0.88173807
2024-06-14,MSFT,0.89244306
2024-06-17,MSFT,0.903396
2024-06-18,MSFT,0.9139298
2024-06-20,MSFT,0.9237993
2024-06-21,MSFT,0.9313351
2024-06-24,MSFT,0.93586516
2024-06-25,MSFT,0.93948925
2024-06-26,MSFT,0.9424782
2024-06-27,MSFT,0.945238
2024-06-28,MSFT,0.94843733
2024-07-01,MSFT,0.9498991
2024-07-02,MSFT,0.95111275
2024-07-03,MSFT,0.9535538
2024-07-05,MSFT,0.9580307
2024-07-08,MSFT,0.9642458
2024-07-09,MSFT,0.9719415
2024-07-10,MSFT,0.97870815
2024-07-11,MSFT,0.9838501
2024-07-12,MSFT,0.9855733
2024-07-15,MSFT,0.9840003
2024-07-16,MSFT,0.98054266
2024-07-17,MSFT,0.97542834
2024-07-18,MSFT,0.96736014
2024-07-19,MSFT,0.9575002
2024-07-22,MSFT,0.9463434
2024-07-23,MSFT,0.9372461
2024-07-24,MSFT,0.9319562
2024-07-25,MSFT,0.9265387
2024-07-26,MSFT,0.9180677
2024-07-29,MSFT,0.90789115
2024-07-30,MSFT,0.8995565
2024-07-31,MSFT,0.89144444
2024-08-01,MSFT,0.8818289
2024-08-02,MSFT,0.8729428
2024-08-05,MSFT,0.8634703
2024-08-06,MSFT,0.84947515
2024-08-07,MSFT,0.83557844
2024-08-08,MSFT,0.82445204
2024-08-09,MSFT,0.8167094
2024-08-12,MSFT,0.8127825
2024-08-13,MSFT,0.81249344
2024-08-14,MSFT,0.815784
2024-08-15,MSFT,0.8221401
2024-08-16,MSFT,0.830986
2024-08-19,MSFT,0.84038544
2024-08-20,MSFT,0.8496113
2024-08-21,MSFT,0.8585149
2024-08-22,MSFT,0.8665228
2024-08-23,MSFT,0.87195325
2024-08-26,MSFT,0.8739743
2024-08-27,MSFT,0.8733107
2024-08-28,MSFT,0.87056494
2024-08-29,MSFT,0.86647356
2024-08-30,MSFT,0.8626597
2024-09-03,MSFT,0.8592527
2024-09-04,MSFT,0.8563551
2024-09-05,MSFT,0.8531711
2024-09-06,MSFT,0.8502164
2024-09-09,MSFT,0.84653854
2024-09-10,MSFT,0.84296274
2024-09-11,MSFT,0.84093165
2024-09-12,MSFT,0.84199417
2024-09-13,MSFT,0.8470932
2024-09-16,MSFT,0.8558922
2024-09-17,MSFT,0.8671607
2024-09-18,MSFT,0.87996733
2024-09-19,MSFT,0.8914319
2024-09-20,MSFT,0.9016503
2024-09-23,MSFT,0.9063587
2024-09-24,MSFT,0.90879786
2024-09-25,MSFT,0.9088825
2024-09-26,MSFT,0.9078554
2024-09-27,MSFT,0.9067162
2024-09-30,MSFT,0.9051615
2024-10-01,MSFT,0.9030906
2024-10-02,MSFT,0.89959943
2024-10-03,MSFT,0.89452803
2024-10-04,MSFT,0.8883796
2024-10-07,MSFT,0.8817433
2024-10-08,MSFT,0.8743614
2024-10-09,MSFT,0.8671447
2024-10-10,MSFT,0.8622247
2024-10-11,MSFT,0.8594792
2024-10-14,MSFT,0.85857856
2024-10-15,MSFT,0.8597256
2024-10-16,MSFT,0.86201453
2024-10-17,MSFT,0.8638234
2024-10-18,MSFT,0.8659271
2024-10-21,MSFT,0.8676542
2024-10-22,MSFT,0.8688886
2024-10-23,MSFT,0.8703575
2024-10-24,MSFT,0.87321043
2024-10-25,MSFT,0.8768971
2024-10-28,MSFT,0.88141274
2024-10-29,MSFT,0.8863363
2024-10-30,MSFT,0.8909887
2024-10-31,MSFT,0.89510524
2024-11-01,MSFT,0.89072466
2024-11-04,MSFT,0.88179433
2024-11-05,MSFT,0.87068427
2024-11-06,MSFT,0.8601973
2024-11-07,MSFT,0.852162
2024-11-08,MSFT,0.84922147
2024-11-11,MSFT,0.8510349
2024-11-12,MSFT,0.854542
2024-11-13,MSFT,0.85882676
2024-11-14,MSFT,0.863464
2024-11-15,MSFT,0.8674015
2024-11-18,MSFT,0.86876047
2024-11-19,MSFT,0.867507
2024-11-20,MSFT,0.8649478
2024-11-21,MSFT,0.8618103
2024-11-22,MSFT,0.85894537
2024-11-25,MSFT,0.8561715
2024-11-26,MSFT,0.8543719
2024-11-27,MSFT,0.85525393
2024-11-29,MSFT,0.8587171
2024-12-02,MSFT,0.86322546
2024-12-03,MSFT,0.868695
2024-12-04,MSFT,0.8752258
2024-12-05,MSFT,0.8826047
2024-12-06,MSFT,0.8913498
2024-12-09,MSFT,0.901299
2024-12-10,MSFT,0.91136634
2024-12-11,MSFT,0.92053354
2024-12-12,MSFT,0.9285078
2024-12-13,MSFT,0.9357079
2024-12-16,MSFT,0.94115865
2024-12-17,MSFT,0.9447161
2024-12-18,MSFT,0.9475287
2024-12-19,MSFT,0.94766545
2024-12-20,MSFT,0.944651
2024-12-23,MSFT,0.9351424
2024-12-24,MSFT,0.9252678
2024-12-26,MSFT,0.918218
2024-12-27,MSFT,0.9148034
2024-12-30,MSFT,0.9120618
